dico,indicator,2006,2007,2008,2009,2010,2011,2012,2013,2014,2015,2016,2017
1401,lic-geral,61,61,61,61,61,61,61,61,61,61,61,61
1401,lic-mob-reduzida,0,0,0,0,0,0,0,0,0,0,0,0
1401,max-lic-geral,73,73,73,73,73,73,73,73,73,73,73,73
1401,max-lic-mob-reduzida,0,0,0,0,0,0,0,0,0,0,0,0
101,lic-geral,39,39,39,39,39,39,39,39,39,39,39,39
101,lic-mob-reduzida,0,0,0,0,0,0,0,0,0,0,0,0
101,max-lic-geral,39,39,39,39,39,39,39,39,39,39,39,39
101,max-lic-mob-reduzida,0,0,0,0,0,0,0,0,0,0,0,0
901,lic-geral,14,14,14,14,14,14,14,14,14,14,14,14
901,lic-mob-reduzida,0,0,0,0,0,0,0,0,0,0,0,0
901,max-lic-geral,14,14,14,14,14,14,14,14,14,15,17,17
901,max-lic-mob-reduzida,0,0,0,0,0,0,0,0,0,0,0,0
701,lic-geral,10,10,10,10,10,10,10,10,10,10,10,10
701,lic-mob-reduzida,0,0,0,0,0,0,0,0,0,0,0,0
701,max-lic-geral,10,10,10,10,10,10,10,10,10,10,10,10
701,max-lic-mob-reduzida,0,0,0,0,0,0,0,0,0,0,0,0
102,lic-geral,21,21,21,21,21,21,21,21,21,21,21,21
102,lic-mob-reduzida,0,0,0,0,0,0,0,0,0,0,0,0
102,max-lic-geral,22,22,22,22,22,22,22,22,22,22,22,22
102,max-lic-mob-reduzida,0,0,0,0,0,0,0,0,0,0,0,0
801,lic-geral,81,83,103,105,105,105,105,105,105,105,105,105
801,lic-mob-reduzida,0,0,0,0,0,0,0,0,0,0,0,0
801,max-lic-geral,81,83,103,105,105,105,105,105,105,105,105,105
801,max-lic-mob-reduzida,0,0,0,0,0,0,0,0,0,0,0,0
1501,lic-geral,9,9,9,9,9,9,9,9,9,9,9,9
1501,lic-mob-reduzida,0,0,0,0,1,1,1,1,1,1,1,1
1501,max-lic-geral,9,9,9,9,9,9,9,9,9,9,9,9
1501,max-lic-mob-reduzida,0,0,0,0,1,1,1,1,1,1,1,1
1402,lic-geral,14,14,16,16,16,16,16,16,16,16,16,16
1402,lic-mob-reduzida,0,0,0,0,0,0,0,0,0,0,0,0
1402,max-lic-geral,23,23,23,23,23,23,23,23,23,23,23,23
1402,max-lic-mob-reduzida,0,0,0,0,0,0,0,0,0,0,0,0
1001,lic-geral,61,61,61,61,61,61,61,61,61,61,59,59
1001,lic-mob-reduzida,0,0,0,0,0,0,0,0,0,0,0,0
1001,max-lic-geral,74,74,74,74,74,74,74,74,74,74,74,74
1001,max-lic-mob-reduzida,0,0,0,0,0,0,0,0,0,0,0,0
1502,lic-geral,7,7,7,7,7,7,7,7,7,7,7,7
1502,lic-mob-reduzida,0,0,0,0,0,0,0,0,0,0,0,0
1502,max-lic-geral,7,7,7,7,7,7,7,7,7,7,7,7
1502,max-lic-mob-reduzida,0,0,0,0,0,0,0,0,0,0,0,0
802,lic-geral,9,9,9,9,9,9,9,9,9,9,9,9
802,lic-mob-reduzida,0,0,0,0,0,0,0,0,0,0,0,0
802,max-lic-geral,9,9,9,9,9,9,9,9,9,9,9,9
802,max-lic-mob-reduzida,0,0,0,0,0,0,0,0,0,0,0,0
1101,lic-geral,37,37,37,38,38,38,38,38,38,38,38,38
1101,lic-mob-reduzida,0,0,0,0,0,0,0,0,0,0,0,0
1101,max-lic-geral,50,50,50,50,50,50,50,50,50,50,50,50
1101,max-lic-mob-reduzida,0,0,0,0,0,0,0,0,0,0,0,0
401,lic-geral,14,14,14,14,14,14,14,14,14,14,13,13
401,lic-mob-reduzida,0,0,0,0,0,0,0,0,0,0,0,0
401,max-lic-geral,14,14,14,14,14,14,14,14,14,14,14,14
401,max-lic-mob-reduzida,0,0,0,0,0,0,0,0,0,0,0,0
1701,lic-geral,37,37,37,37,37,37,37,37,37,37,37,33
1701,lic-mob-reduzida,0,0,0,0,0,0,0,0,0,0,0,0
1701,max-lic-geral,37,37,37,37,37,37,37,37,37,37,37,37
1701,max-lic-mob-reduzida,0,0,0,0,0,0,0,0,0,0,0,0
803,lic-geral,8,8,8,8,8,8,8,8,8,8,8,8
803,lic-mob-reduzida,0,0,0,0,0,0,0,0,0,0,0,0
803,max-lic-geral,11,11,11,11,11,11,11,11,11,11,11,11
803,max-lic-mob-reduzida,0,0,0,0,0,0,0,0,0,0,0,0
201,lic-geral,9,9,10,10,10,10,10,10,10,10,10,10
201,lic-mob-reduzida,0,0,0,0,0,0,0,0,0,0,0,0
201,max-lic-geral,11,11,11,11,11,11,11,11,11,11,11,11
201,max-lic-mob-reduzida,0,0,0,0,0,0,0,0,0,0,0,0
1503,lic-geral,93,93,93,93,93,93,93,93,93,93,93,93
1503,lic-mob-reduzida,0,0,0,0,0,0,0,0,0,4,4,4
1503,max-lic-geral,100,100,100,100,100,100,100,100,100,100,100,100
1503,max-lic-mob-reduzida,0,0,0,0,0,0,0,0,0,4,4,4
902,lic-geral,23,23,23,23,23,23,22,22,22,22,22,22
902,lic-mob-reduzida,0,0,0,0,0,0,0,0,0,0,0,0
902,max-lic-geral,23,23,23,23,23,23,22,22,22,22,22,22
902,max-lic-mob-reduzida,0,0,0,0,0,0,0,0,0,0,0,0
1403,lic-geral,10,10,10,10,10,10,10,10,10,10,10,10
1403,lic-mob-reduzida,0,1,1,1,1,1,1,1,1,1,1,1
1403,max-lic-geral,10,10,10,10,10,10,10,10,10,10,10,10
1403,max-lic-mob-reduzida,0,1,1,1,1,1,1,1,1,1,1,1
202,lic-geral,7,7,7,7,7,7,7,7,7,7,7,7
202,lic-mob-reduzida,0,0,0,0,0,0,0,0,0,0,0,0
202,max-lic-geral,15,15,15,15,15,15,15,15,15,15,15,15
202,max-lic-mob-reduzida,0,0,0,0,0,0,0,0,0,0,0,0
1404,lic-geral,5,5,5,5,5,5,5,5,5,5,5,5
1404,lic-mob-reduzida,0,0,0,0,0,0,0,0,0,0,0,0
1404,max-lic-geral,5,5,5,5,5,5,5,5,5,5,5,5
1404,max-lic-mob-reduzida,0,0,0,0,0,0,0,0,0,0,0,0
1201,lic-geral,8,8,8,8,8,8,8,8,8,8,8,8
1201,lic-mob-reduzida,0,0,0,0,0,0,0,0,0,0,0,0
1201,max-lic-geral,11,11,11,11,11,11,11,11,11,11,11,11
1201,max-lic-mob-reduzida,0,0,0,0,0,0,0,0,0,0,0,0
1002,lic-geral,18,18,18,18,18,18,18,18,18,18,18,18
1002,lic-mob-reduzida,0,0,0,0,0,0,0,0,0,0,0,0
1002,max-lic-geral,18,18,18,18,18,18,18,18,18,18,18,18
1002,max-lic-mob-reduzida,0,0,0,0,0,0,0,0,0,0,0,0
203,lic-geral,2,2,2,2,2,2,2,2,2,2,2,2
203,lic-mob-reduzida,0,0,0,0,0,0,0,0,0,0,0,0
203,max-lic-geral,4,4,4,4,4,4,4,4,4,4,4,4
203,max-lic-mob-reduzida,0,0,0,0,0,0,0,0,0,0,0,0
1115,lic-geral,119,119,119,119,119,119,119,119,119,119,119,119
1115,lic-mob-reduzida,0,0,0,0,0,0,0,0,0,0,0,0
1115,max-lic-geral,122,122,122,122,122,122,122,122,122,122,122,122
1115,max-lic-mob-reduzida,0,0,0,0,0,0,0,0,0,0,0,0
1301,lic-geral,51,51,51,51,51,51,51,51,51,51,51,51
1301,lic-mob-reduzida,0,0,0,0,0,0,0,0,0,0,0,0
1301,max-lic-geral,60,60,60,60,60,60,60,60,60,60,60,60
1301,max-lic-mob-reduzida,0,0,0,0,0,0,0,0,0,0,0,0
301,lic-geral,10,10,10,10,10,10,10,10,10,10,10,10
301,lic-mob-reduzida,0,0,0,0,0,0,0,0,0,0,0,0
301,max-lic-geral,10,10,10,10,10,10,10,10,10,10,10,10
301,max-lic-mob-reduzida,0,0,0,0,0,0,0,0,0,0,0,0
103,lic-geral,18,18,18,18,18,18,18,18,18,18,18,18
103,lic-mob-reduzida,0,0,0,0,0,0,0,0,0,0,0,0
103,max-lic-geral,18,18,18,18,18,18,18,18,18,18,18,18
103,max-lic-mob-reduzida,0,0,0,0,0,0,0,0,0,0,0,0
4301,lic-geral,77,77,77,71,70,69,65,64,60,57,55,52
4301,lic-mob-reduzida,0,0,0,0,0,0,0,0,0,0,0,0
4301,max-lic-geral,105,105,105,105,105,105,69,69,69,69,69,69
4301,max-lic-mob-reduzida,0,0,0,0,0,0,0,0,0,0,0,0
1003,lic-geral,24,24,24,24,24,24,24,24,24,24,24,24
1003,lic-mob-reduzida,0,0,0,0,0,0,0,0,0,0,0,0
1003,max-lic-geral,27,27,27,27,27,27,27,27,27,27,27,27
1003,max-lic-mob-reduzida,0,0,0,0,0,0,0,0,0,0,0,0
1601,lic-geral,46,46,46,46,46,46,46,46,46,46,46,46
1601,lic-mob-reduzida,0,0,0,0,0,0,0,0,0,0,0,0
1601,max-lic-geral,46,46,46,46,46,46,46,46,46,46,46,46
1601,max-lic-mob-reduzida,0,0,0,0,0,0,0,0,0,0,0,0
601,lic-geral,25,25,25,25,25,25,25,25,25,25,25,25
601,lic-mob-reduzida,0,0,0,0,0,0,0,0,0,0,0,0
601,max-lic-geral,34,34,34,34,34,34,34,34,34,34,34,34
601,max-lic-mob-reduzida,0,0,0,0,0,0,0,0,0,0,0,0
1801,lic-geral,18,18,18,18,18,18,18,18,18,18,18,18
1801,lic-mob-reduzida,0,0,0,0,0,0,0,0,0,0,0,0
1801,max-lic-geral,18,18,18,18,18,18,18,18,18,18,18,18
1801,max-lic-mob-reduzida,0,0,0,0,0,0,0,0,0,0,0,0
104,lic-geral,29,29,29,29,29,29,29,29,29,29,29,29
104,lic-mob-reduzida,0,0,0,0,0,0,0,0,0,0,0,0
104,max-lic-geral,33,33,33,33,33,33,33,33,33,33,33,33
104,max-lic-mob-reduzida,0,0,0,0,0,0,0,0,0,0,0,0
702,lic-geral,9,10,10,10,10,10,10,10,10,10,10,10
702,lic-mob-reduzida,0,0,0,0,0,0,0,0,0,0,0,0
702,max-lic-geral,9,10,10,10,10,10,10,10,10,10,10,10
702,max-lic-mob-reduzida,0,0,0,0,0,0,0,0,0,0,0,0
1202,lic-geral,4,4,4,4,4,4,4,4,4,4,4,4
1202,lic-mob-reduzida,0,0,0,0,0,0,0,0,0,0,0,0
1202,max-lic-geral,5,5,5,5,5,5,5,5,5,5,5,5
1202,max-lic-mob-reduzida,0,0,0,0,0,0,0,0,0,0,0,0
1102,lic-geral,9,9,9,9,9,9,9,9,9,9,9,6
1102,lic-mob-reduzida,0,0,0,0,0,0,1,1,1,1,1,1
1102,max-lic-geral,9,9,9,9,9,9,9,9,9,9,9,9
1102,max-lic-mob-reduzida,0,0,0,0,0,0,1,1,1,1,1,1
105,lic-geral,46,46,46,46,48,48,48,48,48,48,48,48
105,lic-mob-reduzida,0,0,0,0,1,1,1,1,1,1,1,1
105,max-lic-geral,50,50,50,50,50,50,50,50,50,50,50,50
105,max-lic-mob-reduzida,0,0,0,0,1,1,1,1,1,1,1,1
1203,lic-geral,9,9,9,9,9,9,9,9,9,9,9,9
1203,lic-mob-reduzida,0,0,0,0,0,0,0,0,0,0,0,0
1203,max-lic-geral,9,9,9,9,9,9,9,9,9,9,9,9
1203,max-lic-mob-reduzida,0,0,0,0,0,0,0,0,0,0,0,0
1103,lic-geral,15,15,15,15,15,15,15,15,15,15,15,15
1103,lic-mob-reduzida,0,0,0,0,0,0,0,0,0,0,0,0
1103,max-lic-geral,18,18,18,18,18,18,18,18,18,18,18,18
1103,max-lic-mob-reduzida,0,0,0,0,0,0,0,0,0,0,0,0
1302,lic-geral,27,27,27,27,27,27,27,27,27,27,27,27
1302,lic-mob-reduzida,0,0,0,0,0,0,0,0,0,0,0,0
1302,max-lic-geral,31,31,31,31,31,31,31,31,31,31,31,31
1302,max-lic-mob-reduzida,0,0,0,0,0,0,0,0,0,0,0,0
302,lic-geral,80,80,80,80,83,83,83,83,83,83,83,83
302,lic-mob-reduzida,0,0,0,0,0,0,0,0,0,0,0,0
302,max-lic-geral,94,94,94,94,94,94,94,94,94,94,94,94
302,max-lic-mob-reduzida,0,0,0,0,0,0,0,0,0,0,0,0
204,lic-geral,1,1,1,1,1,1,1,1,1,1,1,1
204,lic-mob-reduzida,0,0,0,0,0,0,0,0,0,0,0,0
204,max-lic-geral,1,1,1,1,1,1,1,1,1,1,1,1
204,max-lic-mob-reduzida,0,0,0,0,0,0,0,0,0,0,0,0
1504,lic-geral,39,39,39,39,39,39,39,39,39,39,39,39
1504,lic-mob-reduzida,0,0,0,0,0,0,0,0,0,0,0,0
1504,max-lic-geral,39,39,39,39,39,39,39,39,39,39,39,39
1504,max-lic-mob-reduzida,0,0,0,0,0,0,0,0,0,0,0,0
1004,lic-geral,13,13,13,13,14,14,14,14,14,14,14,14
1004,lic-mob-reduzida,0,0,0,0,0,0,0,0,0,0,0,0
1004,max-lic-geral,13,13,13,13,14,14,14,14,14,14,14,14
1004,max-lic-mob-reduzida,0,0,0,0,0,0,0,0,0,0,0,0
205,lic-geral,22,22,22,22,22,22,22,22,22,22,22,22
205,lic-mob-reduzida,0,0,0,0,0,0,0,0,0,0,0,0
205,max-lic-geral,31,31,31,31,31,31,31,31,31,31,31,31
205,max-lic-mob-reduzida,0,0,0,0,0,0,0,0,0,0,0,0
501,lic-geral,16,16,16,16,16,16,16,16,16,16,16,16
501,lic-mob-reduzida,0,0,0,0,0,0,0,0,0,0,0,0
501,max-lic-geral,16,16,16,16,16,16,16,16,16,16,16,16
501,max-lic-mob-reduzida,0,0,0,0,0,0,0,0,0,0,0,0
1405,lic-geral,13,14,14,14,14,14,14,14,14,14,14,14
1405,lic-mob-reduzida,0,0,0,0,0,0,0,0,0,0,0,0
1405,max-lic-geral,13,14,14,14,14,14,14,14,14,14,14,14
1405,max-lic-mob-reduzida,0,0,0,0,0,0,0,0,0,0,0,0
1005,lic-geral,20,20,19,19,19,19,19,19,19,19,19,19
1005,lic-mob-reduzida,0,0,0,0,0,0,0,0,0,0,0,0
1005,max-lic-geral,20,20,20,20,20,20,20,20,20,20,20,20
1005,max-lic-mob-reduzida,0,0,0,0,0,0,0,0,0,0,0,0
703,lic-geral,7,7,7,7,7,7,7,7,7,7,7,7
703,lic-mob-reduzida,0,0,0,0,0,0,0,0,0,0,0,0
703,max-lic-geral,11,11,11,11,11,11,11,11,11,11,11,11
703,max-lic-mob-reduzida,0,0,0,0,0,0,0,0,0,0,0,0
1702,lic-geral,13,13,13,13,13,13,13,13,13,13,13,13
1702,lic-mob-reduzida,0,0,0,0,0,0,0,0,0,0,0,0
1702,max-lic-geral,13,13,13,13,13,13,13,13,13,13,13,13
1702,max-lic-mob-reduzida,0,0,0,0,0,0,0,0,0,0,0,0
303,lic-geral,100,100,100,101,101,101,101,101,101,101,101,101
303,lic-mob-reduzida,0,0,0,0,0,0,0,0,0,0,0,0
303,max-lic-geral,100,100,100,101,101,101,101,101,101,101,101,101
303,max-lic-mob-reduzida,0,0,0,0,0,0,0,0,0,0,0,0
402,lic-geral,61,61,61,61,61,61,61,61,61,61,61,61
402,lic-mob-reduzida,0,0,0,0,0,0,0,0,0,0,0,0
402,max-lic-geral,72,72,72,72,72,72,72,72,72,72,72,72
402,max-lic-mob-reduzida,0,0,0,0,0,0,0,0,0,0,0,0
304,lic-geral,33,33,33,33,33,33,33,33,33,33,33,33
304,lic-mob-reduzida,0,0,0,0,0,0,0,0,0,0,0,0
304,max-lic-geral,33,33,33,33,33,33,33,33,33,33,33,33
304,max-lic-mob-reduzida,0,0,0,0,0,0,0,0,0,0,0,0
1104,lic-geral,18,18,18,18,18,18,18,18,18,18,18,18
1104,lic-mob-reduzida,0,0,0,0,0,0,0,0,0,0,0,0
1104,max-lic-geral,18,18,18,18,18,18,18,18,18,19,19,19
1104,max-lic-mob-reduzida,0,0,0,0,0,0,0,0,0,0,0,0
1006,lic-geral,40,40,40,40,40,40,40,40,39,39,39,39
1006,lic-mob-reduzida,0,0,0,0,0,0,0,0,0,0,0,0
1006,max-lic-geral,48,48,48,48,48,48,48,48,48,48,48,48
1006,max-lic-mob-reduzida,0,0,0,0,0,0,0,0,0,0,0,0
4501,lic-geral,10,11,11,11,12,12,12,12,12,12,12,12
4501,lic-mob-reduzida,0,0,0,0,0,0,0,0,0,0,0,0
4501,max-lic-geral,21,21,21,21,21,21,21,21,21,21,21,21
4501,max-lic-mob-reduzida,0,0,0,0,0,0,0,0,0,0,0,0
3101,lic-geral,45,45,45,45,45,45,39,39,39,39,39,39
3101,lic-mob-reduzida,0,0,0,0,0,0,0,0,0,0,0,0
3101,max-lic-geral,45,45,45,45,45,45,39,39,39,39,39,39
3101,max-lic-mob-reduzida,0,0,0,0,0,0,0,0,0,0,0,0
3102,lic-geral,44,44,44,45,45,45,45,45,45,45,45,45
3102,lic-mob-reduzida,0,0,0,0,0,0,0,0,0,0,0,0
3102,max-lic-geral,47,47,47,47,47,47,47,47,47,47,47,47
3102,max-lic-mob-reduzida,0,0,0,0,0,0,0,0,0,0,0,0
1602,lic-geral,25,25,25,25,25,25,25,25,25,25,25,25
1602,lic-mob-reduzida,0,0,0,0,0,0,0,0,0,0,0,0
1602,max-lic-geral,25,25,25,25,25,25,25,25,25,25,25,25
1602,max-lic-mob-reduzida,0,0,0,0,0,0,0,0,0,0,0,0
1204,lic-geral,8,8,8,8,8,8,8,8,8,8,8,8
1204,lic-mob-reduzida,0,0,0,0,0,0,0,0,0,0,0,0
1204,max-lic-geral,9,9,9,9,9,9,9,9,9,9,9,9
1204,max-lic-mob-reduzida,0,0,0,0,0,0,0,0,0,0,0,0
602,lic-geral,31,31,31,31,31,31,31,31,31,31,31,30
602,lic-mob-reduzida,0,0,0,0,0,0,0,0,0,0,0,0
602,max-lic-geral,34,34,34,34,34,34,34,34,34,34,34,34
602,max-lic-mob-reduzida,0,0,0,0,0,0,0,0,0,0,0,0
403,lic-geral,16,16,16,16,16,15,15,15,15,15,15,15
403,lic-mob-reduzida,0,0,0,0,0,1,1,1,1,1,1,1
403,max-lic-geral,16,16,16,16,16,16,16,16,16,16,16,16
403,max-lic-mob-reduzida,0,0,0,0,0,1,1,1,1,1,1,1
1802,lic-geral,17,17,17,17,17,17,17,17,17,18,18,18
1802,lic-mob-reduzida,0,0,0,0,0,0,0,0,0,0,0,0
1802,max-lic-geral,23,23,23,23,23,23,23,23,23,23,23,23
1802,max-lic-mob-reduzida,0,0,0,0,0,0,0,0,0,0,0,0
1406,lic-geral,17,17,17,17,17,17,17,17,17,17,17,17
1406,lic-mob-reduzida,0,0,0,0,0,0,0,0,0,0,0,0
1406,max-lic-geral,22,22,22,22,22,22,22,22,22,22,22,22
1406,max-lic-mob-reduzida,0,0,0,0,0,0,0,0,0,0,0,0
1105,lic-geral,194,194,194,194,194,194,194,194,194,194,194,194
1105,lic-mob-reduzida,0,0,0,0,0,0,0,0,0,0,0,0
1105,max-lic-geral,194,194,194,194,194,194,194,194,194,194,194,194
1105,max-lic-mob-reduzida,0,0,0,0,0,0,0,0,0,0,0,0
1007,lic-geral,9,9,9,9,9,9,9,9,9,9,9,9
1007,lic-mob-reduzida,0,0,0,0,0,0,0,0,0,0,0,0
1007,max-lic-geral,9,9,9,9,9,9,9,9,9,9,9,9
1007,max-lic-mob-reduzida,0,0,0,0,0,0,0,0,0,0,0,0
502,lic-geral,57,57,57,57,57,57,57,57,57,57,57,57
502,lic-mob-reduzida,1,1,1,1,1,1,1,1,1,1,1,1
502,max-lic-geral,71,71,71,71,71,71,71,71,71,71,71,71
502,max-lic-mob-reduzida,0,0,0,0,0,0,0,0,0,0,0,0
106,lic-geral,21,21,21,21,21,21,21,21,21,21,21,21
106,lic-mob-reduzida,0,0,0,0,0,0,0,0,0,0,0,0
106,max-lic-geral,22,22,22,22,22,22,22,22,22,22,22,22
106,max-lic-mob-reduzida,0,0,0,0,0,0,0,0,0,0,0,0
1205,lic-geral,6,6,6,6,6,6,6,6,6,4,4,4
1205,lic-mob-reduzida,0,0,0,0,0,0,0,0,0,0,0,0
1205,max-lic-geral,6,6,6,6,6,6,6,6,6,6,6,6
1205,max-lic-mob-reduzida,0,0,0,0,0,0,0,0,0,0,0,0
1803,lic-geral,24,24,24,24,24,24,24,24,24,24,24,24
1803,lic-mob-reduzida,0,0,0,0,0,0,0,0,0,0,0,0
1803,max-lic-geral,24,24,24,24,24,24,24,24,24,24,24,24
1803,max-lic-mob-reduzida,0,0,0,0,0,0,0,0,0,0,0,0
804,lic-geral,8,8,8,8,8,8,8,8,8,8,8,8
804,lic-mob-reduzida,0,0,0,0,0,0,0,0,0,0,0,0
804,max-lic-geral,12,12,12,12,12,12,12,12,12,12,12,12
804,max-lic-mob-reduzida,0,0,0,0,0,0,0,0,0,0,0,0
206,lic-geral,6,6,6,6,6,6,6,6,6,6,6,6
206,lic-mob-reduzida,0,0,0,0,0,0,0,0,0,0,0,0
206,max-lic-geral,6,6,6,6,6,6,6,6,6,6,6,6
206,max-lic-mob-reduzida,0,0,0,0,0,0,0,0,0,0,0,0
903,lic-geral,19,19,19,19,19,19,19,19,19,19,19,19
903,lic-mob-reduzida,0,0,0,0,0,0,0,0,0,0,0,0
903,max-lic-geral,19,19,19,19,19,19,19,19,19,19,19,19
903,max-lic-mob-reduzida,0,0,0,0,0,0,0,0,0,0,0,0
305,lic-geral,30,30,30,30,30,30,30,30,30,30,30,30
305,lic-mob-reduzida,0,0,0,0,0,0,0,0,0,0,0,0
305,max-lic-geral,41,41,41,41,41,41,41,41,41,41,41,41
305,max-lic-mob-reduzida,0,0,0,0,0,0,0,0,0,0,0,0
1407,lic-geral,13,13,13,13,13,13,13,13,14,14,13,13
1407,lic-mob-reduzida,0,0,0,0,0,0,0,0,0,0,0,0
1407,max-lic-geral,13,13,13,13,13,13,13,13,14,14,14,14
1407,max-lic-mob-reduzida,0,0,0,0,0,0,0,0,0,0,0,0
1703,lic-geral,55,55,55,55,55,55,55,55,55,55,55,55
1703,lic-mob-reduzida,0,0,0,0,0,0,0,0,0,0,0,0
1703,max-lic-geral,55,55,55,55,55,55,55,55,55,55,55,55
1703,max-lic-mob-reduzida,0,0,0,0,0,0,0,0,0,0,0,0
1804,lic-geral,24,24,24,24,24,24,24,24,24,24,24,24
1804,lic-mob-reduzida,0,0,0,0,0,0,0,0,0,0,0,0
1804,max-lic-geral,24,24,24,24,24,24,24,24,24,24,24,24
1804,max-lic-mob-reduzida,0,0,0,0,0,0,0,0,0,0,0,0
603,lic-geral,133,134,135,135,135,135,135,135,135,135,135,135
603,lic-mob-reduzida,0,0,0,0,0,0,0,0,0,0,0,0
603,max-lic-geral,144,144,144,144,144,144,144,144,144,144,144,144
603,max-lic-mob-reduzida,0,0,0,0,0,0,0,0,0,0,0,0
604,lic-geral,12,12,12,12,13,14,14,14,14,14,14,14
604,lic-mob-reduzida,0,0,0,0,0,0,0,0,0,0,0,0
604,max-lic-geral,14,14,14,14,14,14,14,14,14,14,14,14
604,max-lic-mob-reduzida,0,0,0,0,0,0,0,0,0,0,0,0
1408,lic-geral,4,4,4,4,4,4,4,3,3,3,3,3
1408,lic-mob-reduzida,0,0,0,0,0,0,0,0,0,0,0,0
1408,max-lic-geral,4,4,4,4,4,4,4,4,4,4,4,4
1408,max-lic-mob-reduzida,0,0,0,0,0,0,0,0,0,0,0,0
1409,lic-geral,21,21,21,21,21,21,21,21,21,21,21,21
1409,lic-mob-reduzida,0,0,0,0,0,0,0,0,0,0,0,0
1409,max-lic-geral,24,24,24,24,24,24,24,24,24,24,24,24
1409,max-lic-mob-reduzida,0,0,0,0,0,0,0,0,0,0,0,0
4901,lic-geral,3,3,3,3,3,3,3,3,3,3,3,3
4901,lic-mob-reduzida,0,0,0,0,0,0,0,0,0,0,0,0
4901,max-lic-geral,3,3,3,3,3,3,3,3,3,3,3,3
4901,max-lic-mob-reduzida,0,0,0,0,0,0,0,0,0,0,0,0
503,lic-geral,75,75,75,75,75,76,76,76,74,74,74,74
503,lic-mob-reduzida,0,0,0,0,0,0,0,0,0,0,0,0
503,max-lic-geral,89,89,89,89,89,89,89,89,89,89,87,87
503,max-lic-mob-reduzida,0,0,0,0,0,0,0,0,0,0,0,0
1206,lic-geral,7,7,7,7,7,7,7,7,7,7,7,7
1206,lic-mob-reduzida,0,0,0,0,0,0,0,0,1,1,1,1
1206,max-lic-geral,7,7,7,7,7,7,7,7,7,7,7,7
1206,max-lic-mob-reduzida,0,0,0,0,0,0,0,0,1,1,1,1
207,lic-geral,4,4,4,4,4,4,4,4,4,4,4,4
207,lic-mob-reduzida,0,0,0,0,0,0,0,0,0,0,0,0
207,max-lic-geral,4,4,4,4,4,4,4,4,4,4,4,4
207,max-lic-mob-reduzida,0,0,0,0,0,0,0,0,0,0,0,0
1207,lic-geral,25,25,25,25,25,25,25,25,25,25,25,25
1207,lic-mob-reduzida,0,0,0,0,0,0,0,0,0,0,0,0
1207,max-lic-geral,25,25,25,25,25,25,25,25,25,25,25,25
1207,max-lic-mob-reduzida,0,0,0,0,0,0,0,0,0,0,0,0
1410,lic-geral,16,16,16,16,16,16,16,16,16,16,16,16
1410,lic-mob-reduzida,0,0,0,0,0,0,0,0,0,0,0,0
1410,max-lic-geral,19,19,19,19,19,19,19,19,19,19,19,19
1410,max-lic-mob-reduzida,0,0,0,0,0,0,0,0,0,0,0,0
107,lic-geral,27,27,27,27,27,27,27,26,26,26,26,26
107,lic-mob-reduzida,0,0,0,0,0,0,0,0,0,0,0,0
107,max-lic-geral,27,27,27,27,27,27,27,26,26,26,26,26
107,max-lic-mob-reduzida,0,0,0,0,0,0,0,0,0,0,0,0
306,lic-geral,21,21,21,21,21,21,21,21,21,21,21,21
306,lic-mob-reduzida,0,0,0,0,1,1,1,1,1,1,1,1
306,max-lic-geral,21,21,21,21,21,21,21,21,21,21,21,21
306,max-lic-mob-reduzida,0,0,0,0,1,1,1,1,1,1,1,1
108,lic-geral,26,26,26,26,26,26,26,26,26,26,26,26
108,lic-mob-reduzida,0,0,0,0,0,0,0,0,0,0,0,0
108,max-lic-geral,26,26,26,26,26,26,26,26,26,26,26,26
108,max-lic-mob-reduzida,0,0,0,0,0,0,0,0,0,0,0,0
704,lic-geral,20,20,20,20,20,20,20,20,20,20,20,20
704,lic-mob-reduzida,0,0,0,0,0,0,0,0,0,0,0,0
704,max-lic-geral,20,20,20,20,20,20,20,20,20,20,20,20
704,max-lic-mob-reduzida,0,0,0,0,0,0,0,0,0,0,0,0
705,lic-geral,45,45,45,45,45,45,45,45,45,45,45,45
705,lic-mob-reduzida,0,0,0,0,0,0,0,0,0,0,0,0
705,max-lic-geral,48,48,48,48,48,48,48,48,48,48,48,48
705,max-lic-mob-reduzida,0,0,0,0,0,0,0,0,0,0,0,0
307,lic-geral,60,60,60,60,60,60,60,60,60,60,60,60
307,lic-mob-reduzida,0,0,0,0,0,0,0,0,0,0,0,2
307,max-lic-geral,60,60,60,60,60,60,60,60,60,60,60,60
307,max-lic-mob-reduzida,0,0,0,0,0,0,0,0,0,0,0,2
805,lic-geral,73,73,73,73,73,73,73,73,73,73,73,73
805,lic-mob-reduzida,0,0,0,0,0,0,0,2,2,2,2,2
805,max-lic-geral,84,84,84,84,84,84,84,84,84,84,84,84
805,max-lic-mob-reduzida,0,0,0,0,0,0,0,2,2,2,2,2
1303,lic-geral,54,54,54,54,54,54,54,54,54,54,54,54
1303,lic-mob-reduzida,0,0,0,0,0,0,0,0,0,0,0,0
1303,max-lic-geral,59,59,59,59,59,59,59,59,59,59,59,59
1303,max-lic-mob-reduzida,0,0,0,0,0,0,0,0,0,0,0,0
208,lic-geral,10,10,10,10,10,10,10,10,10,10,10,10
208,lic-mob-reduzida,0,0,0,0,0,0,0,0,0,0,0,0
208,max-lic-geral,12,12,12,12,12,12,12,12,12,12,12,12
208,max-lic-mob-reduzida,0,0,0,0,0,0,0,0,0,0,0,0
1411,lic-geral,19,19,19,19,19,19,19,19,19,19,19,19
1411,lic-mob-reduzida,0,0,0,0,0,0,0,0,0,0,0,0
1411,max-lic-geral,19,19,19,19,19,19,19,19,19,19,19,19
1411,max-lic-mob-reduzida,0,0,0,0,0,0,0,0,0,0,0,0
605,lic-geral,58,58,58,58,58,58,58,58,58,58,58,58
605,lic-mob-reduzida,0,0,0,0,0,0,0,0,0,0,0,0
605,max-lic-geral,58,58,58,58,58,58,58,58,58,58,58,58
605,max-lic-mob-reduzida,0,0,0,0,0,0,0,0,0,0,0,0
904,lic-geral,17,17,17,17,17,17,17,17,17,17,17,17
904,lic-mob-reduzida,0,0,0,0,0,0,0,0,0,0,0,0
904,max-lic-geral,17,17,17,17,17,17,17,17,17,17,17,17
904,max-lic-mob-reduzida,0,0,0,0,0,0,0,0,0,0,0,0
1008,lic-geral,20,20,20,20,20,20,20,20,20,20,20,20
1008,lic-mob-reduzida,0,0,0,0,0,0,0,0,0,0,0,0
1008,max-lic-geral,21,21,21,21,21,21,21,21,21,21,21,21
1008,max-lic-mob-reduzida,0,0,0,0,0,0,0,0,0,0,0,0
905,lic-geral,19,20,20,20,20,20,20,20,19,19,19,19
905,lic-mob-reduzida,0,0,0,0,0,0,0,0,0,0,0,0
905,max-lic-geral,26,26,26,26,26,26,26,26,26,26,26,26
905,max-lic-mob-reduzida,0,0,0,0,0,0,0,0,0,0,0,0
404,lic-geral,8,8,8,8,8,8,8,8,8,8,8,8
404,lic-mob-reduzida,0,0,0,0,0,0,0,0,0,0,0,0
404,max-lic-geral,8,8,8,8,8,8,8,8,8,8,8,8
404,max-lic-mob-reduzida,0,0,0,0,0,0,0,0,0,0,0,0
1208,lic-geral,5,5,6,6,6,6,6,6,6,6,6,6
1208,lic-mob-reduzida,0,0,0,0,0,0,0,0,0,0,0,0
1208,max-lic-geral,6,6,6,6,6,6,6,6,6,6,6,6
1208,max-lic-mob-reduzida,0,0,0,0,0,0,0,0,0,0,0,0
3103,lic-geral,454,454,454,454,454,454,454,454,454,454,454,454
3103,lic-mob-reduzida,0,0,0,0,0,0,0,0,0,0,0,0
3103,max-lic-geral,455,455,455,455,455,455,455,455,455,455,455,455
3103,max-lic-mob-reduzida,0,0,0,0,0,0,0,0,0,0,0,0
504,lic-geral,51,51,51,51,51,51,51,51,51,51,51,51
504,lic-mob-reduzida,0,0,0,0,0,0,0,0,0,0,0,0
504,max-lic-geral,63,63,63,63,63,63,63,63,63,63,63,63
504,max-lic-mob-reduzida,0,0,0,0,0,0,0,0,0,0,0,0
1209,lic-geral,9,9,8,8,8,8,8,8,7,7,7,8
1209,lic-mob-reduzida,0,0,0,0,0,0,0,0,0,0,0,0
1209,max-lic-geral,11,11,11,11,11,11,11,11,11,11,11,11
1209,max-lic-mob-reduzida,0,0,0,0,0,0,0,0,0,0,0,0
606,lic-geral,9,9,9,9,9,9,9,9,9,9,9,9
606,lic-mob-reduzida,0,0,0,0,0,0,0,0,0,0,0,0
606,max-lic-geral,9,9,9,9,9,9,9,9,9,9,9,9
606,max-lic-mob-reduzida,0,0,0,0,0,0,0,0,0,0,0,0
1412,lic-geral,6,6,6,6,6,6,6,6,6,7,7,7
1412,lic-mob-reduzida,0,0,0,0,0,0,0,0,0,0,0,0
1412,max-lic-geral,6,6,6,6,6,6,6,6,6,7,7,7
1412,max-lic-mob-reduzida,0,0,0,0,0,0,0,0,0,0,0,0
1304,lic-geral,63,63,63,63,63,63,63,63,63,63,63,63
1304,lic-mob-reduzida,1,1,1,1,1,1,1,1,1,1,1,1
1304,max-lic-geral,66,66,66,66,66,66,66,66,66,66,66,66
1304,max-lic-mob-reduzida,1,1,1,1,1,1,1,1,1,1,1,1
906,lic-geral,32,32,32,32,32,32,32,31,31,31,31,31
906,lic-mob-reduzida,0,0,0,0,0,0,0,1,1,1,1,1
906,max-lic-geral,34,34,34,34,34,34,34,34,34,34,34,34
906,max-lic-mob-reduzida,0,0,0,0,0,0,0,1,1,1,1,1
1505,lic-geral,15,15,15,15,15,15,15,15,15,15,15,15
1505,lic-mob-reduzida,0,0,0,0,0,0,0,0,1,1,1,1
1505,max-lic-geral,15,15,15,15,15,15,15,15,16,16,16,16
1505,max-lic-mob-reduzida,0,0,0,0,0,0,0,0,1,1,1,1
907,lic-geral,59,59,59,59,59,60,59,59,59,59,59,59
907,lic-mob-reduzida,0,0,0,0,0,0,0,0,0,0,0,0
907,max-lic-geral,68,68,68,68,68,68,68,68,68,68,68,68
907,max-lic-mob-reduzida,0,0,0,0,0,0,0,0,0,0,0,0
308,lic-geral,121,121,121,120,120,119,120,119,119,118,118,118
308,lic-mob-reduzida,0,0,0,0,0,0,0,0,0,0,0,0
308,max-lic-geral,182,182,182,182,182,182,182,182,182,182,182,182
308,max-lic-mob-reduzida,0,0,0,0,0,0,0,0,0,0,0,0
4701,lic-geral,53,50,50,50,50,50,50,50,50,50,50,50
4701,lic-mob-reduzida,0,0,0,0,0,0,0,0,0,0,0,0
4701,max-lic-geral,53,50,50,50,50,50,50,50,50,50,50,50
4701,max-lic-mob-reduzida,0,0,0,0,0,0,1,1,1,1,1,1
505,lic-geral,27,27,29,29,29,29,29,29,29,25,27,27
505,lic-mob-reduzida,0,0,0,0,0,0,0,0,0,0,0,0
505,max-lic-geral,31,31,31,31,31,31,31,31,31,31,31,31
505,max-lic-mob-reduzida,0,0,0,0,0,0,0,0,0,0,0,0
110,lic-geral,19,19,19,19,19,19,19,19,19,19,19,19
110,lic-mob-reduzida,0,0,0,0,0,0,0,0,0,0,0,0
110,max-lic-geral,19,19,19,19,19,19,19,19,19,19,19,19
110,max-lic-mob-reduzida,0,0,0,0,0,0,0,0,0,0,0,0
806,lic-geral,17,17,17,17,17,17,17,17,17,17,17,17
806,lic-mob-reduzida,0,0,0,0,0,0,0,0,0,0,0,0
806,max-lic-geral,17,17,17,17,17,17,17,17,17,17,17,17
806,max-lic-mob-reduzida,0,0,0,0,0,0,0,0,0,0,0,0
4201,lic-geral,9,9,10,10,10,10,10,10,10,10,10,10
4201,lic-mob-reduzida,0,0,0,0,0,0,0,0,0,0,0,0
4201,max-lic-geral,10,10,10,10,10,10,10,10,10,10,10,10
4201,max-lic-mob-reduzida,0,0,0,0,0,0,0,0,0,0,0,0
807,lic-geral,29,29,29,29,29,29,29,29,29,29,29,29
807,lic-mob-reduzida,0,0,0,0,0,0,0,0,0,0,0,0
807,max-lic-geral,30,30,30,30,30,30,30,30,30,30,30,30
807,max-lic-mob-reduzida,0,0,0,0,0,0,0,0,0,0,0,0
4801,lic-geral,4,4,4,4,4,4,4,4,4,4,2,2
4801,lic-mob-reduzida,0,0,0,0,0,0,0,0,0,0,0,0
4801,max-lic-geral,10,10,10,10,10,10,10,10,10,10,10,10
4801,max-lic-mob-reduzida,0,0,0,0,0,0,0,0,0,0,0,0
4601,lic-geral,13,13,11,11,11,13,13,15,16,16,16,16
4601,lic-mob-reduzida,0,0,0,0,0,0,0,0,0,0,0,0
4601,max-lic-geral,25,25,25,21,21,21,21,21,21,21,21,21
4601,max-lic-mob-reduzida,0,0,0,0,0,0,0,0,0,0,0,0
1805,lic-geral,29,29,29,29,29,29,29,28,28,27,27,27
1805,lic-mob-reduzida,0,0,0,0,0,0,0,0,0,0,0,0
1805,max-lic-geral,41,41,41,41,41,41,41,41,41,41,41,41
1805,max-lic-mob-reduzida,0,0,0,0,0,0,0,0,0,0,0,0
1009,lic-geral,112,112,112,112,112,112,112,112,112,112,112,112
1009,lic-mob-reduzida,0,0,0,0,0,0,0,0,0,0,0,0
1009,max-lic-geral,118,118,118,118,118,118,118,118,118,118,118,118
1009,max-lic-mob-reduzida,0,0,0,0,0,0,0,0,0,0,0,0
1106,lic-geral,3441,3441,3441,3441,3441,3441,3442,3447,3447,3447,3447,3446
1106,lic-mob-reduzida,0,0,0,0,0,5,40,50,50,50,50,50
1106,max-lic-geral,3550,3550,3550,3550,3550,3550,3550,3550,3550,3550,3550,3550
1106,max-lic-mob-reduzida,50,50,50,50,50,50,50,50,50,50,50,50
808,lic-geral,51,51,51,51,51,51,51,51,51,55,55,55
808,lic-mob-reduzida,0,0,0,0,0,0,0,0,0,1,2,2
808,max-lic-geral,114,114,114,114,114,114,114,114,114,114,114,114
808,max-lic-mob-reduzida,0,0,0,0,0,0,0,0,0,1,2,2
1107,lic-geral,96,96,96,96,96,96,96,96,96,96,96,96
1107,lic-mob-reduzida,0,0,0,0,0,0,0,0,0,2,2,2
1107,max-lic-geral,105,105,105,105,105,105,105,105,105,105,105,105
1107,max-lic-mob-reduzida,0,0,0,0,0,0,0,0,0,2,2,2
1108,lic-geral,24,24,24,24,24,24,24,24,24,24,24,24
1108,lic-mob-reduzida,0,0,0,0,0,0,0,0,0,0,0,0
1108,max-lic-geral,24,24,24,24,24,24,24,24,24,24,24,24
1108,max-lic-mob-reduzida,0,0,0,0,0,0,0,0,0,0,0,0
607,lic-geral,12,12,12,12,13,13,13,13,13,13,13,13
607,lic-mob-reduzida,0,0,0,0,0,0,0,0,0,1,1,1
607,max-lic-geral,14,14,14,16,16,16,16,16,16,16,16,16
607,max-lic-mob-reduzida,0,0,0,0,0,0,0,0,0,1,1,1
1305,lic-geral,19,19,19,19,19,19,19,19,19,19,19,19
1305,lic-mob-reduzida,0,0,0,0,0,0,0,0,0,0,0,0
1305,max-lic-geral,30,30,30,30,30,30,30,30,30,30,30,30
1305,max-lic-mob-reduzida,0,0,0,0,0,0,0,0,0,0,0,0
1413,lic-geral,19,19,19,19,19,19,19,19,19,19,19,19
1413,lic-mob-reduzida,0,0,0,0,0,0,0,0,0,0,0,0
1413,max-lic-geral,23,23,23,23,23,23,23,23,23,23,23,23
1413,max-lic-mob-reduzida,0,0,0,0,0,0,0,0,0,0,0,0
405,lic-geral,48,48,48,48,48,48,48,48,48,48,48,48
405,lic-mob-reduzida,0,0,0,0,0,0,0,0,0,0,0,0
405,max-lic-geral,48,48,48,48,48,48,48,48,48,49,49,49
405,max-lic-mob-reduzida,0,0,0,0,0,0,0,0,0,0,0,0
3104,lic-geral,66,66,66,66,66,66,66,66,66,66,66,66
3104,lic-mob-reduzida,0,0,0,0,0,0,0,0,0,1,1,1
3104,max-lic-geral,81,81,81,81,81,81,81,81,81,81,81,81
3104,max-lic-mob-reduzida,0,0,0,0,0,0,0,0,0,1,1,1
4602,lic-geral,26,26,26,26,25,25,25,24,24,22,22,22
4602,lic-mob-reduzida,0,0,0,0,0,0,0,0,0,0,0,0
4602,max-lic-geral,29,29,29,29,29,29,29,29,27,27,27,27
4602,max-lic-mob-reduzida,0,0,0,0,0,0,0,0,0,0,0,0
1109,lic-geral,44,44,44,44,44,44,45,45,45,45,46,46
1109,lic-mob-reduzida,0,0,0,0,0,0,0,0,0,0,0,0
1109,max-lic-geral,55,55,55,55,55,55,56,56,56,56,56,56
1109,max-lic-mob-reduzida,0,0,0,0,0,0,0,0,0,0,0,0
1306,lic-geral,73,73,73,73,73,73,73,73,73,73,73,73
1306,lic-mob-reduzida,0,0,0,0,0,0,0,0,0,0,0,0
1306,max-lic-geral,73,73,73,73,73,73,73,73,73,73,73,73
1306,max-lic-mob-reduzida,0,0,0,0,0,0,0,0,0,0,0,0
1806,lic-geral,39,39,39,39,39,39,38,38,38,38,38,38
1806,lic-mob-reduzida,0,0,0,0,0,0,0,0,0,0,0,0
1806,max-lic-geral,42,42,42,42,42,42,42,42,42,42,42,42
1806,max-lic-mob-reduzida,0,0,0,0,0,0,0,0,0,0,0,0
908,lic-geral,9,9,9,10,10,10,10,10,10,10,10,10
908,lic-mob-reduzida,0,0,0,0,0,0,0,0,0,0,0,0
908,max-lic-geral,9,9,9,10,10,10,10,10,10,10,10,10
908,max-lic-mob-reduzida,0,0,0,0,0,0,0,0,0,0,0,0
1307,lic-geral,45,45,45,45,45,45,45,45,45,45,45,45
1307,lic-mob-reduzida,0,0,0,0,0,0,0,0,0,0,0,0
1307,max-lic-geral,49,49,49,49,49,49,49,49,49,49,49,49
1307,max-lic-mob-reduzida,0,0,0,0,0,0,0,0,0,0,0,0
1010,lic-geral,23,23,23,23,23,23,23,23,23,23,23,23
1010,lic-mob-reduzida,0,0,0,0,0,0,0,0,0,0,0,0
1010,max-lic-geral,29,29,29,29,29,29,29,29,29,29,29,29
1010,max-lic-mob-reduzida,0,0,0,0,0,0,0,0,0,0,0,0
1210,lic-geral,6,6,6,6,6,6,6,6,6,6,6,6
1210,lic-mob-reduzida,0,0,0,0,0,0,0,0,0,0,0,0
1210,max-lic-geral,7,7,7,7,7,7,7,7,7,7,7,7
1210,max-lic-mob-reduzida,0,0,0,0,0,0,0,0,0,0,0,0
1308,lic-geral,83,83,83,83,83,83,83,83,83,83,83,83
1308,lic-mob-reduzida,0,0,0,0,0,0,0,0,0,0,0,0
1308,max-lic-geral,83,83,83,83,83,83,83,83,83,83,83,83
1308,max-lic-mob-reduzida,0,0,0,0,0,0,0,0,0,0,0,0
111,lic-geral,20,20,20,20,20,20,20,20,20,20,20,20
111,lic-mob-reduzida,0,0,0,0,0,0,0,0,0,0,0,0
111,max-lic-geral,29,29,29,30,30,30,30,30,30,30,30,30
111,max-lic-mob-reduzida,0,0,0,0,0,0,0,0,0,0,0,0
909,lic-geral,19,19,19,19,18,18,18,18,18,18,18,18
909,lic-mob-reduzida,0,0,0,0,0,0,0,0,0,0,0,0
909,max-lic-geral,37,37,37,37,35,35,35,35,35,35,35,35
909,max-lic-mob-reduzida,0,0,0,0,0,0,0,0,0,0,0,0
1603,lic-geral,25,25,25,25,25,25,25,25,25,25,25,25
1603,lic-mob-reduzida,0,0,0,0,0,0,0,0,0,0,0,0
1603,max-lic-geral,25,25,25,25,25,25,25,25,25,25,25,25
1603,max-lic-mob-reduzida,0,0,0,0,0,0,0,0,0,0,0,0
209,lic-geral,9,9,9,9,9,9,9,9,9,9,9,9
209,lic-mob-reduzida,0,0,0,0,0,0,0,0,0,0,0,0
209,max-lic-geral,10,10,10,10,10,11,11,11,11,11,11,11
209,max-lic-mob-reduzida,1,1,1,1,1,1,1,1,1,1,1,1
1704,lic-geral,7,7,7,7,7,7,7,7,7,7,7,7
1704,lic-mob-reduzida,0,0,0,0,0,0,0,0,0,0,0,0
1704,max-lic-geral,10,10,10,10,10,10,10,10,10,10,10,10
1704,max-lic-mob-reduzida,0,0,0,0,0,0,0,0,0,0,0,0
608,lic-geral,17,17,17,17,17,17,17,17,17,17,17,17
608,lic-mob-reduzida,0,0,0,0,0,0,0,0,0,0,0,0
608,max-lic-geral,17,17,17,17,17,17,17,17,17,17,17,17
608,max-lic-mob-reduzida,0,0,0,0,0,0,0,0,0,0,0,0
609,lic-geral,10,10,10,10,10,10,10,10,10,10,10,10
609,lic-mob-reduzida,0,0,0,0,0,0,0,0,0,0,0,0
609,max-lic-geral,10,10,10,10,10,10,10,10,10,10,10,10
609,max-lic-mob-reduzida,0,0,0,0,0,0,0,0,0,0,0,0
406,lic-geral,15,14,13,14,14,13,13,13,13,13,13,13
406,lic-mob-reduzida,0,1,1,1,1,1,1,1,1,1,1,1
406,max-lic-geral,15,14,13,14,14,14,14,14,14,14,14,14
406,max-lic-mob-reduzida,0,1,1,1,1,1,1,1,1,1,1,1
407,lic-geral,36,36,36,36,36,36,36,36,36,36,36,36
407,lic-mob-reduzida,0,0,0,0,0,0,0,0,0,0,0,0
407,max-lic-geral,36,36,36,36,36,36,36,36,36,36,36,36
407,max-lic-mob-reduzida,0,0,0,0,0,0,0,0,0,0,0,0
408,lic-geral,22,22,22,22,22,22,22,22,22,22,22,22
408,lic-mob-reduzida,0,0,0,0,0,0,0,0,0,0,0,0
408,max-lic-geral,25,25,25,25,25,25,25,25,25,25,25,25
408,max-lic-mob-reduzida,0,0,0,0,0,0,0,0,0,0,0,0
1807,lic-geral,19,19,19,19,19,19,19,19,19,19,19,19
1807,lic-mob-reduzida,0,0,0,0,0,0,0,0,0,0,0,0
1807,max-lic-geral,20,20,20,20,20,20,20,20,20,20,20,20
1807,max-lic-mob-reduzida,0,0,0,0,0,0,0,0,0,0,0,0
1506,lic-geral,19,19,19,19,19,19,19,19,19,19,19,19
1506,lic-mob-reduzida,0,0,0,0,0,0,0,0,0,0,0,0
1506,max-lic-geral,19,19,19,19,19,19,19,19,19,19,19,19
1506,max-lic-mob-reduzida,0,0,0,0,0,0,0,0,0,0,0,0
1604,lic-geral,40,40,40,40,40,40,40,39,38,38,37,37
1604,lic-mob-reduzida,0,0,0,0,0,0,0,0,0,0,0,0
1604,max-lic-geral,40,40,40,40,40,40,40,40,40,40,40,40
1604,max-lic-mob-reduzida,0,0,0,0,0,0,0,0,0,0,0,0
809,lic-geral,8,8,8,8,8,8,8,8,8,8,8,8
809,lic-mob-reduzida,0,0,0,0,0,0,0,0,0,0,0,0
809,max-lic-geral,8,8,8,8,8,8,8,8,8,8,8,8
809,max-lic-mob-reduzida,0,0,0,0,0,0,0,0,0,0,0,0
1705,lic-geral,14,14,14,14,14,14,14,14,14,14,14,14
1705,lic-mob-reduzida,0,0,0,0,0,0,0,0,0,0,0,0
1705,max-lic-geral,14,14,14,14,14,14,14,14,14,14,14,14
1705,max-lic-mob-reduzida,0,0,0,0,0,0,0,0,0,0,0,0
1211,lic-geral,7,7,7,7,7,7,7,7,7,7,7,7
1211,lic-mob-reduzida,0,0,0,0,0,0,0,0,0,0,0,0
1211,max-lic-geral,9,9,9,9,9,9,9,9,9,9,9,9
1211,max-lic-mob-reduzida,0,0,0,0,0,0,0,0,0,0,0,0
1706,lic-geral,29,29,29,29,28,28,28,27,27,27,27,27
1706,lic-mob-reduzida,0,0,0,0,0,0,0,0,0,0,0,0
1706,max-lic-geral,29,29,29,29,28,28,28,27,27,27,27,27
1706,max-lic-mob-reduzida,0,0,0,0,0,0,0,0,0,0,0,0
706,lic-geral,18,18,18,18,18,18,18,18,18,18,18,18
706,lic-mob-reduzida,0,0,0,0,0,0,0,0,0,0,0,0
706,max-lic-geral,18,18,18,18,18,18,18,18,18,18,18,18
706,max-lic-mob-reduzida,0,0,0,0,0,0,0,0,0,0,0,0
610,lic-geral,16,18,20,20,20,20,20,20,20,21,21,21
610,lic-mob-reduzida,0,0,0,0,0,0,0,0,0,1,1,1
610,max-lic-geral,21,21,21,21,21,21,21,21,21,21,21,21
610,max-lic-mob-reduzida,0,0,0,0,0,0,0,0,0,1,1,1
1507,lic-geral,23,23,23,23,23,23,23,23,23,23,23,23
1507,lic-mob-reduzida,0,0,0,0,0,0,0,0,0,0,0,0
1507,max-lic-geral,36,36,36,36,36,36,36,36,36,36,36,36
1507,max-lic-mob-reduzida,0,0,0,0,0,0,0,0,0,0,0,0
707,lic-geral,6,6,6,6,6,6,6,6,6,6,6,6
707,lic-mob-reduzida,0,0,0,0,0,0,0,0,0,0,0,0
707,max-lic-geral,8,8,8,8,8,8,8,8,8,8,8,8
707,max-lic-mob-reduzida,0,0,0,0,0,0,0,0,0,0,0,0
1808,lic-geral,9,8,8,8,8,8,8,8,8,8,8,8
1808,lic-mob-reduzida,0,0,0,0,0,0,0,0,0,0,0,0
1808,max-lic-geral,9,8,8,8,8,8,8,8,8,8,8,8
1808,max-lic-mob-reduzida,0,0,0,0,0,0,0,0,0,0,0,0
210,lic-geral,18,18,18,18,18,18,18,18,18,18,18,15
210,lic-mob-reduzida,1,1,1,1,1,1,1,1,1,1,1,1
210,max-lic-geral,19,19,19,19,19,19,19,19,19,19,19,19
210,max-lic-mob-reduzida,1,1,1,1,1,1,1,1,1,1,1,1
708,lic-geral,2,2,2,2,2,2,2,2,2,2,2,2
708,lic-mob-reduzida,0,0,0,0,0,0,0,0,0,0,0,0
708,max-lic-geral,2,2,2,2,2,2,2,2,2,2,2,2
708,max-lic-mob-reduzida,0,0,0,0,0,0,0,0,0,0,0,0
1707,lic-geral,30,30,30,30,30,30,30,30,30,30,30,30
1707,lic-mob-reduzida,0,0,0,0,0,0,0,0,0,0,0,0
1707,max-lic-geral,30,30,30,30,30,30,30,30,30,30,30,30
1707,max-lic-mob-reduzida,0,0,0,0,0,0,0,0,0,0,0,0
112,lic-geral,13,13,13,13,13,13,13,13,13,13,13,13
112,lic-mob-reduzida,0,0,0,0,0,0,0,0,0,1,1,1
112,max-lic-geral,13,13,13,13,13,13,13,13,13,13,13,13
112,max-lic-mob-reduzida,0,0,0,0,0,0,0,0,0,1,1,1
1011,lic-geral,16,16,16,16,16,16,16,16,16,16,16,16
1011,lic-mob-reduzida,0,0,0,0,0,0,0,0,0,0,0,0
1011,max-lic-geral,16,16,16,16,16,16,16,16,16,16,16,16
1011,max-lic-mob-reduzida,0,0,0,0,0,0,0,0,0,0,0,0
1809,lic-geral,19,19,19,19,19,19,19,19,19,19,19,18
1809,lic-mob-reduzida,0,0,0,0,0,0,0,0,0,0,0,0
1809,max-lic-geral,22,22,22,22,22,22,22,22,22,22,22,22
1809,max-lic-mob-reduzida,0,0,0,0,0,0,0,0,0,0,0,0
1212,lic-geral,16,16,16,16,16,14,14,13,12,10,10,10
1212,lic-mob-reduzida,0,0,0,0,0,0,0,0,0,0,0,0
1212,max-lic-geral,19,19,19,19,19,19,19,19,19,19,19,19
1212,max-lic-mob-reduzida,0,0,0,0,0,0,0,0,0,0,0,0
4202,lic-geral,1,2,2,4,6,7,7,7,7,7,4,4
4202,lic-mob-reduzida,0,0,0,0,0,0,0,0,0,0,0,0
4202,max-lic-geral,10,10,10,10,10,10,10,10,10,10,10,10
4202,max-lic-mob-reduzida,0,0,0,0,0,0,0,0,0,0,0,0
1012,lic-geral,14,14,14,14,14,14,14,14,14,14,14,14
1012,lic-mob-reduzida,0,0,0,0,0,0,0,0,0,0,0,0
1012,max-lic-geral,16,16,16,16,16,16,16,16,16,16,16,16
1012,max-lic-mob-reduzida,0,0,0,0,0,0,0,0,0,0,0,0
211,lic-geral,35,35,35,35,35,35,35,35,35,35,35,35
211,lic-mob-reduzida,0,0,0,0,0,0,0,0,0,0,0,0
211,max-lic-geral,43,43,43,43,43,43,43,43,43,43,43,43
211,max-lic-mob-reduzida,0,0,0,0,0,0,0,0,0,0,0,0
1116,lic-geral,57,57,57,57,57,57,57,57,57,57,57,57
1116,lic-mob-reduzida,0,0,0,0,0,3,3,3,3,3,3,3
1116,max-lic-geral,57,57,57,57,57,57,57,57,57,57,57,57
1116,max-lic-mob-reduzida,0,0,0,0,0,3,3,3,3,3,3,3
1110,lic-geral,133,137,137,137,137,137,137,137,136,136,136,135
1110,lic-mob-reduzida,0,0,0,0,0,0,0,0,1,2,2,2
1110,max-lic-geral,133,137,137,137,137,137,137,137,136,136,136,136
1110,max-lic-mob-reduzida,0,0,0,0,0,0,0,0,1,2,2,2
506,lic-geral,20,20,20,20,20,20,20,20,20,20,20,20
506,lic-mob-reduzida,0,0,0,0,0,0,0,0,0,0,0,0
506,max-lic-geral,20,20,20,20,20,20,20,20,20,20,20,20
506,max-lic-mob-reduzida,0,0,0,0,0,0,0,0,0,0,0,0
810,lic-geral,20,20,20,20,20,20,20,20,20,20,20,20
810,lic-mob-reduzida,0,0,0,0,0,0,0,0,0,1,1,1
810,max-lic-geral,30,30,30,30,30,30,30,30,30,30,30,30
810,max-lic-mob-reduzida,0,0,0,0,0,0,0,0,0,1,1,1
113,lic-geral,44,46,45,46,46,46,46,46,46,46,46,46
113,lic-mob-reduzida,0,0,0,0,0,0,0,0,0,0,0,0
113,max-lic-geral,55,55,55,56,56,56,56,56,56,56,56,56
113,max-lic-mob-reduzida,0,0,0,0,0,0,0,0,0,0,0,0
1810,lic-geral,15,15,15,15,15,15,15,15,15,15,15,15
1810,lic-mob-reduzida,0,0,0,0,0,0,0,0,0,0,0,0
1810,max-lic-geral,26,26,26,26,26,26,26,26,26,26,26,26
1810,max-lic-mob-reduzida,0,0,0,0,0,0,0,0,0,0,0,0
114,lic-geral,13,13,13,13,13,13,13,13,13,13,13,13
114,lic-mob-reduzida,0,0,0,0,0,0,0,0,0,0,0,0
114,max-lic-geral,19,19,19,19,19,19,19,19,19,19,19,19
114,max-lic-mob-reduzida,0,0,0,0,0,0,0,0,0,0,0,0
611,lic-geral,37,37,37,37,37,37,37,37,37,37,37,37
611,lic-mob-reduzida,0,0,0,0,0,0,0,0,0,0,0,0
611,max-lic-geral,45,45,45,45,45,45,45,45,45,45,45,45
611,max-lic-mob-reduzida,0,0,0,0,0,0,0,0,0,0,0,0
1421,lic-geral,74,75,76,76,78,78,78,78,77,76,75,73
1421,lic-mob-reduzida,0,0,0,0,1,1,1,1,1,1,1,1
1421,max-lic-geral,81,81,81,81,81,81,81,81,81,81,81,81
1421,max-lic-mob-reduzida,0,0,0,0,1,1,1,1,1,1,1,1
212,lic-geral,7,7,7,7,7,7,7,7,7,7,7,7
212,lic-mob-reduzida,0,0,0,0,0,0,0,0,0,0,0,0
212,max-lic-geral,7,7,7,7,7,7,7,7,7,7,7,7
212,max-lic-mob-reduzida,0,0,0,0,0,0,0,0,0,0,0,0
115,lic-geral,31,31,31,31,31,31,31,31,31,31,32,32
115,lic-mob-reduzida,0,0,0,0,0,0,0,0,0,1,1,1
115,max-lic-geral,38,38,38,38,38,38,38,38,38,38,38,38
115,max-lic-mob-reduzida,0,0,0,0,0,0,0,0,0,1,1,1
1309,lic-geral,21,21,21,21,21,21,21,21,21,21,21,21
1309,lic-mob-reduzida,0,0,0,0,0,0,0,0,0,0,0,0
1309,max-lic-geral,23,23,23,23,23,23,23,23,23,23,23,23
1309,max-lic-mob-reduzida,0,0,0,0,0,0,0,0,0,0,0,0
1508,lic-geral,12,17,17,17,17,17,17,17,17,17,17,17
1508,lic-mob-reduzida,0,0,0,0,0,0,0,0,0,0,0,0
1508,max-lic-geral,27,27,27,27,27,27,27,27,27,27,27,27
1508,max-lic-mob-reduzida,0,0,0,0,0,0,0,0,0,0,0,0
612,lic-geral,21,21,21,21,21,21,21,21,21,21,21,21
612,lic-mob-reduzida,0,0,0,0,0,0,0,0,0,0,0,0
612,max-lic-geral,21,21,21,21,21,21,21,21,21,21,21,21
612,max-lic-mob-reduzida,0,0,0,0,0,0,0,0,0,0,0,0
1310,lic-geral,41,41,41,41,41,41,41,46,46,46,46,46
1310,lic-mob-reduzida,0,0,0,0,0,0,0,0,0,0,0,0
1310,max-lic-geral,42,42,42,42,42,42,54,54,54,54,54,54
1310,max-lic-mob-reduzida,0,0,0,0,0,0,0,0,0,0,0,0
1605,lic-geral,17,17,17,17,16,16,16,15,15,15,15,14
1605,lic-mob-reduzida,0,0,0,0,0,0,0,0,0,0,0,0
1605,max-lic-geral,18,18,18,18,18,18,18,18,18,18,18,18
1605,max-lic-mob-reduzida,0,0,0,0,0,0,0,0,0,0,0,0
1013,lic-geral,10,10,10,10,10,10,10,10,10,10,10,10
1013,lic-mob-reduzida,0,0,0,0,0,0,0,0,0,0,0,0
1013,max-lic-geral,10,10,10,10,10,10,10,10,10,10,10,10
1013,max-lic-mob-reduzida,0,0,0,0,0,0,0,0,0,0,0,0
613,lic-geral,20,20,20,20,20,20,20,20,20,20,20,20
613,lic-mob-reduzida,0,0,0,0,0,0,0,0,0,0,0,0
613,max-lic-geral,20,20,20,20,20,20,20,20,20,20,20,20
613,max-lic-mob-reduzida,0,0,0,0,0,0,0,0,0,0,0,0
1311,lic-geral,62,62,63,63,63,63,63,63,64,64,64,64
1311,lic-mob-reduzida,0,0,0,0,0,0,0,0,1,1,1,1
1311,max-lic-geral,62,62,63,63,63,63,63,63,64,64,64,64
1311,max-lic-mob-reduzida,0,0,0,0,0,0,0,0,1,1,1,1
1811,lic-geral,15,15,15,15,15,15,15,15,15,15,15,15
1811,lic-mob-reduzida,0,0,0,0,0,0,0,0,0,0,0,0
1811,max-lic-geral,15,15,15,15,15,15,15,15,15,15,15,15
1811,max-lic-mob-reduzida,0,0,0,0,0,0,0,0,0,0,0,0
507,lic-geral,18,18,18,18,18,18,18,18,18,18,18,18
507,lic-mob-reduzida,0,0,0,0,0,0,0,0,0,0,0,0
507,max-lic-geral,18,18,18,18,18,18,18,18,18,18,18,18
507,max-lic-mob-reduzida,0,0,0,0,0,0,0,0,0,0,0,0
1812,lic-geral,10,10,10,10,10,10,10,10,10,10,10,10
1812,lic-mob-reduzida,0,0,0,0,0,0,0,0,0,0,0,0
1812,max-lic-geral,10,10,10,10,10,10,10,10,10,10,10,10
1812,max-lic-mob-reduzida,0,0,0,0,0,0,0,0,0,0,0,0
614,lic-geral,10,10,10,10,10,10,10,10,10,10,10,10
614,lic-mob-reduzida,0,0,0,0,0,0,0,0,0,0,0,0
614,max-lic-geral,10,10,10,10,10,10,10,10,10,10,10,10
614,max-lic-mob-reduzida,0,0,0,0,0,0,0,0,0,0,0,0
1014,lic-geral,24,24,24,24,24,24,24,24,24,23,23,23
1014,lic-mob-reduzida,0,0,0,0,0,0,0,0,0,0,0,0
1014,max-lic-geral,24,24,24,24,24,24,24,24,24,24,24,24
1014,max-lic-mob-reduzida,0,0,0,0,0,0,0,0,0,0,0,0
1708,lic-geral,48,48,48,48,48,49,49,49,49,49,49,49
1708,lic-mob-reduzida,0,0,0,0,0,0,0,0,0,0,0,0
1708,max-lic-geral,48,48,48,48,48,49,49,49,49,49,49,49
1708,max-lic-mob-reduzida,0,0,0,0,0,0,0,0,0,0,0,0
910,lic-geral,20,20,20,20,20,20,20,20,20,20,20,20
910,lic-mob-reduzida,0,0,0,0,0,0,0,0,0,0,0,0
910,max-lic-geral,30,30,30,30,30,30,30,30,30,30,30,30
910,max-lic-mob-reduzida,0,0,0,0,0,0,0,0,0,0,0,0
1015,lic-geral,55,55,55,55,55,55,55,55,55,55,55,55
1015,lic-mob-reduzida,0,0,0,0,0,0,0,0,0,0,0,0
1015,max-lic-geral,64,64,64,64,64,64,64,64,64,64,64,64
1015,max-lic-mob-reduzida,0,0,0,0,0,0,0,0,0,0,0,0
4203,lic-geral,146,146,146,146,146,146,146,146,146,146,146,146
4203,lic-mob-reduzida,0,0,0,0,0,0,0,0,0,1,1,1
4203,max-lic-geral,152,152,152,152,152,152,152,152,152,152,152,152
4203,max-lic-mob-reduzida,0,0,0,0,0,0,0,0,0,1,1,1
3105,lic-geral,29,29,29,29,29,29,29,29,29,29,29,29
3105,lic-mob-reduzida,0,0,0,0,0,0,0,0,0,0,0,0
3105,max-lic-geral,32,32,32,32,32,32,32,32,32,32,32,32
3105,max-lic-mob-reduzida,0,0,0,0,0,0,0,0,0,0,0,0
1606,lic-geral,26,26,26,26,26,26,26,26,26,26,26,26
1606,lic-mob-reduzida,0,0,0,0,0,0,0,0,0,0,0,0
1606,max-lic-geral,26,26,26,26,26,26,26,26,26,26,26,26
1606,max-lic-mob-reduzida,0,0,0,0,0,0,0,0,0,0,0,0
1607,lic-geral,52,52,52,52,52,52,52,52,52,52,52,52
1607,lic-mob-reduzida,0,0,0,0,0,0,0,0,0,0,0,0
1607,max-lic-geral,56,56,56,56,56,56,56,56,56,56,56,56
1607,max-lic-mob-reduzida,0,0,0,0,0,0,0,0,0,0,0,0
1213,lic-geral,13,12,11,11,11,12,12,12,13,13,14,14
1213,lic-mob-reduzida,0,0,0,0,0,0,0,0,0,0,0,0
1213,max-lic-geral,18,18,18,18,18,18,18,18,18,18,18,18
1213,max-lic-mob-reduzida,0,0,0,0,0,0,0,0,0,0,0,0
1214,lic-geral,29,29,29,29,29,29,29,29,29,29,29,29
1214,lic-mob-reduzida,0,0,0,0,0,0,0,0,0,0,0,0
1214,max-lic-geral,35,35,35,35,35,35,35,35,35,35,35,35
1214,max-lic-mob-reduzida,0,0,0,0,0,0,0,0,0,0,0,0
709,lic-geral,9,9,9,9,9,9,9,9,9,9,9,9
709,lic-mob-reduzida,0,0,0,0,0,0,0,0,0,0,0,0
709,max-lic-geral,9,9,9,9,9,9,9,9,9,9,9,9
709,max-lic-mob-reduzida,0,0,0,0,0,0,0,0,0,0,0,0
811,lic-geral,65,65,65,65,65,65,65,65,65,65,65,65
811,lic-mob-reduzida,0,0,0,0,0,0,0,0,0,0,0,0
811,max-lic-geral,65,65,65,65,65,65,65,65,65,65,65,65
811,max-lic-mob-reduzida,0,0,0,0,0,0,0,0,0,0,0,0
1312,lic-geral,699,699,699,699,699,699,699,699,699,699,699,699
1312,lic-mob-reduzida,1,1,1,1,1,1,1,1,1,1,1,1
1312,max-lic-geral,726,726,726,726,726,726,726,726,726,726,726,726
1312,max-lic-mob-reduzida,1,1,1,1,1,1,1,1,1,1,1,1
1016,lic-geral,13,14,19,19,20,21,21,23,23,24,25,25
1016,lic-mob-reduzida,0,0,0,0,0,0,0,0,0,0,0,0
1016,max-lic-geral,34,34,34,34,34,34,34,34,34,34,34,34
1016,max-lic-mob-reduzida,0,0,0,0,0,0,0,0,0,0,0,0
3106,lic-geral,15,15,15,15,15,15,15,15,15,15,15,15
3106,lic-mob-reduzida,0,0,0,0,0,0,0,0,0,0,0,0
3106,max-lic-geral,15,15,15,15,15,15,15,15,15,15,15,15
3106,max-lic-mob-reduzida,0,0,0,0,0,0,0,0,0,0,0,0
3201,lic-geral,19,19,19,19,19,19,19,19,19,19,19,19
3201,lic-mob-reduzida,0,0,0,0,0,0,0,0,0,0,0,0
3201,max-lic-geral,19,19,19,19,19,19,19,19,19,19,19,19
3201,max-lic-mob-reduzida,0,0,0,0,0,0,0,0,0,0,0,0
309,lic-geral,24,24,24,24,24,24,24,24,24,24,24,24
309,lic-mob-reduzida,0,0,0,0,0,0,0,0,0,0,0,0
309,max-lic-geral,26,26,26,26,26,26,26,26,26,26,26,26
309,max-lic-mob-reduzida,0,0,0,0,0,0,0,0,0,0,0,0
1313,lic-geral,40,40,40,39,39,39,39,39,39,39,39,39
1313,lic-mob-reduzida,0,0,0,0,0,0,0,0,0,0,0,0
1313,max-lic-geral,48,48,54,54,54,54,54,54,54,54,54,54
1313,max-lic-mob-reduzida,0,0,0,0,0,0,0,0,0,0,0,0
4204,lic-geral,26,26,26,26,26,26,26,26,26,26,24,24
4204,lic-mob-reduzida,0,0,0,0,0,0,0,0,0,0,0,0
4204,max-lic-geral,26,26,26,26,26,26,26,26,26,26,26,26
4204,max-lic-mob-reduzida,0,0,0,0,0,0,0,0,0,0,0,0
508,lic-geral,17,17,17,18,18,18,18,18,18,18,17,17
508,lic-mob-reduzida,0,0,0,0,0,0,0,0,0,0,0,0
508,max-lic-geral,19,19,19,19,19,19,19,19,19,19,19,19
508,max-lic-mob-reduzida,0,0,0,0,0,0,0,0,0,0,0,0
710,lic-geral,6,6,6,6,6,6,6,6,6,6,6,6
710,lic-mob-reduzida,0,0,0,0,0,0,0,0,0,0,0,0
710,max-lic-geral,6,6,6,6,6,6,6,6,6,6,6,6
710,max-lic-mob-reduzida,0,0,0,0,0,0,0,0,0,0,0,0
711,lic-geral,8,8,8,8,8,8,8,8,8,8,8,8
711,lic-mob-reduzida,0,0,0,0,0,0,0,0,0,0,0,0
711,max-lic-geral,8,8,8,8,8,8,8,8,8,8,8,8
711,max-lic-mob-reduzida,0,0,0,0,0,0,0,0,0,0,0,0
1813,lic-geral,17,17,17,17,17,17,17,17,17,17,17,17
1813,lic-mob-reduzida,0,0,0,0,0,0,0,0,0,0,0,0
1813,max-lic-geral,17,17,17,17,17,17,17,17,17,17,17,17
1813,max-lic-mob-reduzida,0,0,0,0,0,0,0,0,0,0,0,0
3107,lic-geral,32,32,32,32,32,32,32,32,32,32,32,32
3107,lic-mob-reduzida,0,0,0,0,0,0,0,0,0,0,1,1
3107,max-lic-geral,32,32,32,32,32,32,32,32,32,32,32,32
3107,max-lic-mob-reduzida,0,0,0,0,0,0,0,0,0,0,1,1
1709,lic-geral,16,16,16,16,16,16,16,16,16,16,16,16
1709,lic-mob-reduzida,0,0,0,0,0,0,0,0,0,0,0,0
1709,max-lic-geral,16,16,16,16,16,16,16,16,16,16,16,16
1709,max-lic-mob-reduzida,0,0,0,0,0,0,0,0,0,0,0,0
4205,lic-geral,42,42,42,42,42,42,42,42,42,42,42,42
4205,lic-mob-reduzida,0,0,0,0,0,0,0,0,0,0,0,0
4205,max-lic-geral,42,42,42,42,42,42,42,42,42,42,42,42
4205,max-lic-mob-reduzida,0,0,0,0,0,0,0,0,0,0,0,0
1414,lic-geral,19,21,21,21,21,21,21,21,21,21,21,21
1414,lic-mob-reduzida,0,0,0,0,0,0,0,0,0,1,1,1
1414,max-lic-geral,22,22,22,22,22,22,22,22,22,22,22,22
1414,max-lic-mob-reduzida,0,0,0,0,0,0,0,0,0,1,1,1
1710,lic-geral,19,19,19,19,19,19,19,19,19,19,19,19
1710,lic-mob-reduzida,0,0,0,0,0,0,0,0,0,0,0,0
1710,max-lic-geral,21,21,21,21,21,21,21,21,21,21,21,21
1710,max-lic-mob-reduzida,0,0,0,0,0,0,0,0,0,0,0,0
911,lic-geral,45,45,45,45,45,45,45,45,45,45,45,45
911,lic-mob-reduzida,0,0,0,0,0,0,0,0,0,0,0,0
911,max-lic-geral,53,53,53,53,53,53,53,53,53,53,53,53
911,max-lic-mob-reduzida,0,0,0,0,0,0,0,0,0,0,0,0
1415,lic-geral,15,15,15,15,15,15,15,15,15,15,14,14
1415,lic-mob-reduzida,0,0,0,0,0,4,4,4,4,4,5,5
1415,max-lic-geral,17,17,17,17,17,17,17,17,17,17,17,17
1415,max-lic-mob-reduzida,0,0,0,0,0,4,4,4,4,4,5,5
1814,lic-geral,22,22,22,22,22,22,22,16,16,15,15,15
1814,lic-mob-reduzida,0,0,0,0,0,0,0,0,0,0,0,0
1814,max-lic-geral,22,22,22,22,22,22,22,16,16,16,16,16
1814,max-lic-mob-reduzida,0,0,0,0,0,0,0,0,0,0,0,0
3108,lic-geral,103,103,103,103,104,104,104,104,104,104,104,104
3108,lic-mob-reduzida,0,0,0,0,0,0,0,0,0,0,0,0
3108,max-lic-geral,103,103,103,103,104,104,104,104,104,104,104,104
3108,max-lic-mob-reduzida,0,0,0,0,0,0,0,0,0,0,0,0
4401,lic-geral,13,13,13,13,13,13,13,13,13,13,13,13
4401,lic-mob-reduzida,0,0,0,0,0,0,0,0,0,0,0,0
4401,max-lic-geral,15,15,15,15,15,15,15,15,15,15,15,15
4401,max-lic-mob-reduzida,0,0,0,0,0,0,0,0,0,0,0,0
4802,lic-geral,6,6,6,6,6,6,6,6,6,6,6,6
4802,lic-mob-reduzida,0,0,0,0,0,0,0,0,0,0,0,0
4802,max-lic-geral,6,6,6,6,6,6,6,6,6,6,6,6
4802,max-lic-mob-reduzida,0,0,0,0,0,0,0,0,0,0,0,0
109,lic-geral,65,65,65,66,66,66,66,66,66,66,66,66
109,lic-mob-reduzida,0,0,0,0,0,0,0,0,0,0,0,0
109,max-lic-geral,87,87,87,87,87,87,87,87,87,87,87,87
109,max-lic-mob-reduzida,0,0,0,0,0,0,0,0,0,0,0,0
1711,lic-geral,11,11,11,11,11,11,11,11,11,11,11,11
1711,lic-mob-reduzida,0,0,0,0,0,0,0,0,0,0,0,0
1711,max-lic-geral,11,11,11,11,11,11,11,11,11,11,11,11
1711,max-lic-mob-reduzida,0,0,0,0,0,0,0,0,0,0,0,0
3109,lic-geral,32,32,32,32,32,32,32,32,32,32,32,32
3109,lic-mob-reduzida,0,0,0,0,0,0,0,0,0,0,0,0
3109,max-lic-geral,32,32,32,32,32,32,32,32,32,32,32,32
3109,max-lic-mob-reduzida,0,0,0,0,0,0,0,0,0,0,0,0
1416,lic-geral,56,56,56,56,56,56,56,56,56,56,56,55
1416,lic-mob-reduzida,0,0,0,0,0,0,0,0,0,0,0,0
1416,max-lic-geral,56,56,56,56,56,56,56,56,56,56,56,56
1416,max-lic-mob-reduzida,0,0,0,0,0,0,0,0,0,0,0,0
1509,lic-geral,29,29,29,31,31,31,33,33,33,33,33,33
1509,lic-mob-reduzida,0,0,0,0,0,0,0,0,0,0,0,0
1509,max-lic-geral,37,37,37,37,37,37,34,34,34,34,34,34
1509,max-lic-mob-reduzida,0,0,0,0,0,0,0,0,0,0,0,0
1314,lic-geral,68,68,68,68,68,68,68,68,68,68,68,68
1314,lic-mob-reduzida,0,0,0,0,0,0,0,0,0,0,0,0
1314,max-lic-geral,68,68,68,68,68,68,68,68,68,68,68,68
1314,max-lic-mob-reduzida,0,0,0,0,0,0,0,0,0,0,0,0
812,lic-geral,7,7,7,7,7,7,7,7,7,7,6,6
812,lic-mob-reduzida,0,0,0,0,0,0,0,0,0,0,0,0
812,max-lic-geral,7,7,7,7,7,7,7,7,7,7,6,6
812,max-lic-mob-reduzida,0,0,0,0,0,0,0,0,0,0,0,0
116,lic-geral,22,22,22,22,22,22,22,22,22,22,22,22
116,lic-mob-reduzida,0,0,0,0,1,1,1,1,1,1,1,1
116,max-lic-geral,22,22,22,22,22,22,22,22,22,22,22,22
116,max-lic-mob-reduzida,0,0,0,0,1,1,1,1,1,1,1,1
1815,lic-geral,19,19,19,19,19,19,19,19,19,19,19,19
1815,lic-mob-reduzida,0,0,0,0,0,0,0,0,0,0,0,0
1815,max-lic-geral,19,19,19,19,19,19,19,19,19,19,19,19
1815,max-lic-mob-reduzida,0,0,0,0,0,0,0,0,0,0,0,0
1816,lic-geral,37,37,37,37,37,37,37,37,37,37,37,37
1816,lic-mob-reduzida,0,0,0,0,0,0,0,0,0,0,0,0
1816,max-lic-geral,51,51,51,51,51,51,51,51,51,51,51,51
1816,max-lic-mob-reduzida,0,0,0,0,0,0,0,0,0,0,0,0
4603,lic-geral,8,8,8,8,8,9,9,9,9,9,9,9
4603,lic-mob-reduzida,0,0,0,0,0,0,0,0,0,0,0,0
4603,max-lic-geral,15,15,15,16,16,16,16,16,16,14,14,14
4603,max-lic-mob-reduzida,0,0,0,0,0,0,0,0,0,0,0,0
3110,lic-geral,18,18,18,18,18,18,18,18,18,18,15,15
3110,lic-mob-reduzida,0,0,0,0,0,0,0,0,0,0,0,0
3110,max-lic-geral,18,18,18,18,18,18,18,18,18,18,18,18
3110,max-lic-mob-reduzida,0,0,0,0,0,0,0,0,0,0,0,0
1417,lic-geral,7,7,7,7,7,7,7,7,7,7,7,7
1417,lic-mob-reduzida,0,0,0,0,0,0,0,0,0,0,0,0
1417,max-lic-geral,7,7,7,7,7,7,7,7,7,7,7,7
1417,max-lic-mob-reduzida,0,0,0,0,0,0,0,0,0,0,0,0
1817,lic-geral,21,21,21,21,21,21,21,21,21,21,21,21
1817,lic-mob-reduzida,0,0,0,0,0,0,0,0,0,0,0,0
1817,max-lic-geral,21,21,21,21,21,21,21,21,21,21,21,21
1817,max-lic-mob-reduzida,0,0,0,0,0,0,0,0,0,0,0,0
912,lic-geral,56,55,55,55,55,55,55,55,55,55,55,55
912,lic-mob-reduzida,0,0,0,0,0,0,0,0,0,0,0,0
912,max-lic-geral,58,58,58,58,58,58,58,58,58,58,58,58
912,max-lic-mob-reduzida,0,0,0,0,0,0,0,0,0,0,0,0
1510,lic-geral,25,25,32,39,39,39,39,39,39,39,39,39
1510,lic-mob-reduzida,0,0,0,0,0,0,0,0,0,0,0,0
1510,max-lic-geral,39,39,39,39,39,39,39,39,39,51,51,51
1510,max-lic-mob-reduzida,0,0,0,0,0,0,0,0,0,0,0,0
1818,lic-geral,17,17,17,17,17,17,17,17,17,17,17,17
1818,lic-mob-reduzida,0,0,0,0,0,0,0,0,0,0,0,0
1818,max-lic-geral,17,17,17,17,17,17,17,17,17,17,17,17
1818,max-lic-mob-reduzida,0,0,0,0,0,0,0,0,0,0,0,0
213,lic-geral,17,17,17,16,16,16,16,16,16,16,16,16
213,lic-mob-reduzida,0,0,0,0,0,0,0,0,0,0,0,0
213,max-lic-geral,31,31,31,31,31,31,31,31,31,31,31,21
213,max-lic-mob-reduzida,0,0,0,0,0,0,0,0,0,0,0,0
509,lic-geral,32,32,32,32,32,32,32,32,32,32,32,32
509,lic-mob-reduzida,0,0,0,0,0,0,0,0,0,0,0,0
509,max-lic-geral,33,33,33,33,33,33,33,33,33,33,33,33
509,max-lic-mob-reduzida,0,0,0,0,0,0,0,0,0,0,0,0
1511,lic-geral,24,24,24,24,24,26,26,26,26,26,26,26
1511,lic-mob-reduzida,0,0,0,0,0,1,1,1,1,1,1,1
1511,max-lic-geral,26,26,28,28,28,28,28,28,28,28,28,28
1511,max-lic-mob-reduzida,0,0,0,0,0,1,1,1,1,1,1,1
1512,lic-geral,56,56,56,56,56,56,56,56,56,56,56,56
1512,lic-mob-reduzida,0,0,0,0,0,0,0,0,0,0,0,0
1512,max-lic-geral,57,57,57,57,57,57,57,57,57,57,57,57
1512,max-lic-mob-reduzida,0,0,0,0,0,0,0,0,0,0,0,0
117,lic-geral,14,14,14,14,14,13,12,12,12,12,12,12
117,lic-mob-reduzida,1,1,1,1,1,2,3,3,3,3,3,3
117,max-lic-geral,14,14,14,14,14,13,12,12,12,12,12,12
117,max-lic-mob-reduzida,1,1,1,1,1,2,3,3,3,3,3,3
813,lic-geral,33,33,33,33,34,34,34,34,34,34,34,34
813,lic-mob-reduzida,0,0,0,0,0,0,0,0,0,0,0,0
813,max-lic-geral,33,33,33,33,34,34,34,34,34,34,34,34
813,max-lic-mob-reduzida,0,0,0,0,0,0,0,0,0,0,0,0
1513,lic-geral,10,10,10,10,10,10,10,10,10,10,10,10
1513,lic-mob-reduzida,0,0,0,0,0,0,0,0,0,0,0,0
1513,max-lic-geral,10,10,10,10,10,10,10,10,10,10,10,10
1513,max-lic-mob-reduzida,0,0,0,0,0,0,0,0,0,0,0,0
1111,lic-geral,124,124,124,124,124,124,124,124,124,124,124,124
1111,lic-mob-reduzida,0,0,0,0,0,0,0,0,0,0,0,0
1111,max-lic-geral,134,134,134,134,183,183,183,183,183,183,183,183
1111,max-lic-mob-reduzida,0,0,0,0,0,0,0,0,0,0,0,0
1112,lic-geral,7,7,7,7,7,7,7,7,7,7,7,7
1112,lic-mob-reduzida,0,0,0,0,0,0,0,0,0,0,0,0
1112,max-lic-geral,7,7,7,7,7,7,7,7,7,7,7,7
1112,max-lic-mob-reduzida,0,0,0,0,0,0,0,0,0,0,0,0
615,lic-geral,17,17,17,17,17,17,17,18,18,18,18,18
615,lic-mob-reduzida,0,0,0,0,0,0,0,0,0,0,0,0
615,max-lic-geral,20,20,20,20,20,20,20,20,20,20,20,20
615,max-lic-mob-reduzida,0,0,0,0,0,0,0,0,0,0,0,0
1215,lic-geral,6,6,6,6,5,5,5,5,6,6,6,6
1215,lic-mob-reduzida,0,0,0,0,0,0,0,0,0,0,0,0
1215,max-lic-geral,10,7,7,7,7,7,7,7,7,7,7,7
1215,max-lic-mob-reduzida,0,0,0,0,0,0,0,0,0,0,0,0
616,lic-geral,17,17,17,17,17,17,17,17,17,17,17,17
616,lic-mob-reduzida,0,0,0,0,0,0,0,0,0,0,0,0
616,max-lic-geral,21,21,21,21,21,21,21,21,21,21,21,21
616,max-lic-mob-reduzida,0,0,0,0,0,0,0,0,0,0,0,0
1819,lic-geral,26,26,26,26,26,26,26,26,26,26,26,26
1819,lic-mob-reduzida,0,0,0,0,0,0,0,0,0,0,0,0
1819,max-lic-geral,29,29,29,29,29,29,29,29,29,29,29,29
1819,max-lic-mob-reduzida,0,0,0,0,0,0,0,0,0,0,0,0
1820,lic-geral,14,14,14,14,14,14,13,14,14,14,14,15
1820,lic-mob-reduzida,0,0,0,0,0,0,0,0,0,0,0,0
1820,max-lic-geral,20,20,20,20,20,20,20,20,20,20,20,20
1820,max-lic-mob-reduzida,0,0,0,0,0,0,0,0,0,0,0,0
814,lic-geral,25,25,25,25,25,25,25,25,25,25,25,25
814,lic-mob-reduzida,0,0,0,0,0,0,0,0,0,0,0,0
814,max-lic-geral,25,25,25,25,25,25,25,25,25,25,25,25
814,max-lic-mob-reduzida,0,0,0,0,0,0,0,0,0,0,0,0
310,lic-geral,13,13,13,13,13,13,13,13,13,13,13,13
310,lic-mob-reduzida,0,0,0,0,0,0,0,0,0,0,0,0
310,max-lic-geral,13,13,13,13,13,13,13,13,13,13,13,13
310,max-lic-mob-reduzida,0,0,0,0,0,0,0,0,0,0,0,0
1418,lic-geral,49,49,49,51,51,51,51,51,51,51,51,51
1418,lic-mob-reduzida,0,0,0,0,0,0,0,0,0,0,0,0
1418,max-lic-geral,53,53,53,53,53,53,53,53,53,53,53,53
1418,max-lic-mob-reduzida,0,0,0,0,0,0,0,0,0,0,0,0
1821,lic-geral,39,39,39,39,39,39,39,39,39,40,40,40
1821,lic-mob-reduzida,0,0,0,0,0,0,0,0,0,0,0,0
1821,max-lic-geral,42,42,42,42,42,42,42,42,42,42,42,42
1821,max-lic-mob-reduzida,0,0,0,0,0,0,0,0,0,0,0,0
409,lic-geral,27,27,27,27,27,27,27,27,27,27,27,27
409,lic-mob-reduzida,0,0,0,0,0,0,0,0,0,0,0,0
409,max-lic-geral,30,30,30,30,30,30,30,30,30,30,30,30
409,max-lic-mob-reduzida,0,0,0,0,0,0,0,0,0,0,0,0
1419,lic-geral,28,30,30,30,30,30,30,30,30,30,26,26
1419,lic-mob-reduzida,0,0,0,0,0,0,0,0,0,0,0,0
1419,max-lic-geral,31,31,31,31,31,31,31,31,31,31,31,31
1419,max-lic-mob-reduzida,0,0,0,0,0,0,0,0,0,0,0,0
1113,lic-geral,52,52,52,52,52,52,52,52,52,52,52,52
1113,lic-mob-reduzida,0,0,0,1,1,1,1,1,1,1,1,1
1113,max-lic-geral,52,52,52,52,52,52,52,52,52,52,52,52
1113,max-lic-mob-reduzida,0,0,0,1,1,1,1,1,1,1,1,1
913,lic-geral,33,33,33,33,33,33,33,33,33,33,33,33
913,lic-mob-reduzida,0,0,0,0,0,0,0,0,0,0,0,0
913,max-lic-geral,35,35,35,35,35,35,35,35,35,35,35,35
913,max-lic-mob-reduzida,0,0,0,0,0,0,0,0,0,0,0,0
1318,lic-geral,23,23,23,23,23,23,23,23,23,23,23,23
1318,lic-mob-reduzida,0,0,0,0,0,0,0,0,0,0,0,0
1318,max-lic-geral,27,27,27,27,27,27,27,27,27,27,27,27
1318,max-lic-mob-reduzida,0,0,0,0,0,0,0,0,0,0,0,0
118,lic-geral,20,20,20,20,20,20,20,20,20,20,20,20
118,lic-mob-reduzida,0,0,0,0,0,0,0,0,0,0,0,0
118,max-lic-geral,20,20,20,20,20,20,20,20,20,20,20,20
118,max-lic-mob-reduzida,0,0,0,0,0,0,0,0,0,0,0,0
119,lic-geral,21,21,21,21,21,21,21,21,21,21,21,21
119,lic-mob-reduzida,0,0,0,0,0,0,0,0,0,0,0,0
119,max-lic-geral,23,23,23,23,23,23,23,23,23,23,23,23
119,max-lic-mob-reduzida,0,0,0,0,0,0,0,0,0,0,0,0
1608,lic-geral,21,21,21,21,21,21,21,21,21,21,21,21
1608,lic-mob-reduzida,0,0,0,0,0,0,0,0,0,0,0,0
1608,max-lic-geral,21,21,21,21,21,21,21,21,21,21,21,21
1608,max-lic-mob-reduzida,0,0,0,0,0,0,0,0,0,0,0,0
1315,lic-geral,38,38,38,38,38,38,38,38,38,38,38,38
1315,lic-mob-reduzida,0,0,0,0,0,0,0,0,0,0,0,0
1315,max-lic-geral,38,38,38,38,38,38,38,38,38,38,38,38
1315,max-lic-mob-reduzida,0,0,0,0,0,0,0,0,0,0,0,0
1712,lic-geral,36,38,38,38,38,37,37,37,37,37,37,37
1712,lic-mob-reduzida,0,0,0,0,0,0,0,0,0,0,0,0
1712,max-lic-geral,36,38,38,38,38,37,37,37,37,37,37,37
1712,max-lic-mob-reduzida,0,0,0,0,0,0,0,0,0,0,0,0
4502,lic-geral,25,25,25,25,24,24,24,23,22,22,22,22
4502,lic-mob-reduzida,0,0,0,0,0,0,0,0,0,0,0,0
4502,max-lic-geral,25,25,25,25,25,25,25,25,25,25,25,25
4502,max-lic-mob-reduzida,0,0,0,0,0,0,0,0,0,0,0,0
712,lic-geral,8,8,8,8,8,8,8,8,8,8,8,8
712,lic-mob-reduzida,0,0,0,0,0,0,0,0,0,0,0,0
712,max-lic-geral,8,8,8,8,8,8,8,8,8,8,8,8
712,max-lic-mob-reduzida,0,0,0,0,0,0,0,0,0,0,0,0
713,lic-geral,7,7,7,7,7,7,7,7,7,7,7,7
713,lic-mob-reduzida,0,0,0,0,0,0,0,0,0,0,0,0
713,max-lic-geral,7,7,7,7,7,7,7,7,7,7,7,7
713,max-lic-mob-reduzida,0,0,0,0,0,0,0,0,0,0,0,0
1609,lic-geral,66,66,66,66,66,66,66,66,66,66,66,66
1609,lic-mob-reduzida,0,0,0,0,0,0,0,0,0,0,0,0
1609,max-lic-geral,66,66,66,66,66,66,66,66,66,66,66,66
1609,max-lic-mob-reduzida,0,0,0,0,0,0,0,0,0,0,0,0
214,lic-geral,4,4,4,4,4,4,4,3,3,3,3,3
214,lic-mob-reduzida,0,0,0,0,0,0,0,0,0,0,0,0
214,max-lic-geral,8,8,8,8,8,8,8,8,8,8,8,8
214,max-lic-mob-reduzida,0,0,0,0,0,0,0,0,0,0,0,0
311,lic-geral,24,24,24,24,24,24,24,24,24,24,24,24
311,lic-mob-reduzida,0,0,0,0,0,0,0,0,0,0,0,0
311,max-lic-geral,24,24,24,24,24,24,24,24,24,24,24,24
311,max-lic-mob-reduzida,0,0,0,0,0,0,0,0,0,0,0,0
4302,lic-geral,39,39,39,39,39,39,39,39,38,37,35,33
4302,lic-mob-reduzida,0,0,0,0,0,0,0,0,0,0,0,0
4302,max-lic-geral,39,39,39,39,39,39,39,39,39,39,39,39
4302,max-lic-mob-reduzida,0,0,0,0,0,0,0,0,0,0,0,0
510,lic-geral,8,8,8,8,8,8,8,8,8,8,8,8
510,lic-mob-reduzida,0,0,0,0,0,0,0,0,0,0,0,0
510,max-lic-geral,8,8,8,8,8,8,8,8,8,8,8,8
510,max-lic-mob-reduzida,0,0,0,0,0,0,0,0,0,0,0,0
815,lic-geral,6,7,7,7,7,7,7,7,7,7,7,7
815,lic-mob-reduzida,0,0,0,0,0,0,0,0,0,0,0,0
815,max-lic-geral,10,10,10,10,10,10,10,10,10,10,10,10
815,max-lic-mob-reduzida,0,0,0,0,0,0,0,0,0,0,0,0
1316,lic-geral,50,50,50,50,50,50,50,50,50,50,50,50
1316,lic-mob-reduzida,0,0,0,0,0,0,0,0,0,0,0,0
1316,max-lic-geral,53,53,53,53,53,53,53,53,53,53,53,53
1316,max-lic-mob-reduzida,0,0,0,0,0,0,0,0,0,0,0,0
4101,lic-geral,19,20,20,20,19,19,19,17,17,17,17,17
4101,lic-mob-reduzida,0,0,0,0,0,0,0,0,0,0,0,0
4101,max-lic-geral,19,20,20,20,19,19,19,19,19,19,19,19
4101,max-lic-mob-reduzida,0,0,0,0,0,0,0,0,0,0,0,0
410,lic-geral,15,15,15,15,15,15,15,15,15,15,15,15
410,lic-mob-reduzida,0,0,0,0,0,0,0,0,0,0,0,0
410,max-lic-geral,15,15,15,15,15,15,15,15,15,15,15,15
410,max-lic-mob-reduzida,0,0,0,0,0,0,0,0,0,0,0,0
1114,lic-geral,55,55,55,55,55,55,55,55,55,55,55,55
1114,lic-mob-reduzida,0,0,0,0,0,0,1,1,1,1,1,2
1114,max-lic-geral,63,63,63,63,63,63,63,63,63,63,63,63
1114,max-lic-mob-reduzida,0,0,0,0,0,0,2,2,2,2,2,2
4206,lic-geral,13,13,13,13,13,13,13,13,13,13,13,13
4206,lic-mob-reduzida,0,0,0,0,0,0,0,0,0,0,0,0
4206,max-lic-geral,13,13,13,13,13,13,13,13,13,13,13,13
4206,max-lic-mob-reduzida,0,0,0,0,0,0,0,0,0,0,0,0
1420,lic-geral,8,8,8,8,7,7,7,6,6,6,6,6
1420,lic-mob-reduzida,0,0,0,0,0,0,0,0,0,0,0,0
1420,max-lic-geral,8,8,8,8,8,8,8,8,8,8,8,8
1420,max-lic-mob-reduzida,0,0,0,0,0,0,0,0,0,0,0,0
1610,lic-geral,16,16,16,16,16,16,16,16,16,16,16,16
1610,lic-mob-reduzida,0,0,0,0,0,0,0,0,0,0,0,0
1610,max-lic-geral,16,16,16,16,16,16,16,16,16,16,16,16
1610,max-lic-mob-reduzida,0,0,0,0,0,0,0,0,0,0,0,0
312,lic-geral,108,108,108,108,108,108,108,108,108,108,108,108
312,lic-mob-reduzida,0,0,0,0,0,0,0,0,0,4,4,4
312,max-lic-geral,120,120,120,120,120,120,120,120,120,120,120,120
312,max-lic-mob-reduzida,0,0,0,0,0,0,0,0,0,4,4,4
914,lic-geral,23,23,23,23,23,23,23,23,23,23,23,23
914,lic-mob-reduzida,0,0,0,0,0,0,0,0,0,0,0,0
914,max-lic-geral,23,23,23,23,23,23,23,23,23,23,23,23
914,max-lic-mob-reduzida,0,0,0,0,0,0,0,0,0,0,0,0
1317,lic-geral,117,117,117,117,117,117,117,117,117,117,117,117
1317,lic-mob-reduzida,0,0,0,0,0,0,0,0,0,0,0,0
1317,max-lic-geral,130,130,130,130,130,130,130,130,130,130,130,130
1317,max-lic-mob-reduzida,0,0,0,0,0,0,0,0,0,0,0,0
1822,lic-geral,9,9,9,9,9,9,9,9,9,9,9,9
1822,lic-mob-reduzida,0,0,0,0,0,0,0,0,0,0,0,0
1822,max-lic-geral,10,10,10,10,10,10,10,10,10,10,10,10
1822,max-lic-mob-reduzida,0,0,0,0,0,0,0,0,0,0,0,0
617,lic-geral,4,4,4,4,4,4,4,4,4,4,4,4
617,lic-mob-reduzida,0,0,0,0,0,0,0,0,0,0,0,0
617,max-lic-geral,9,9,9,9,9,9,9,9,9,9,9,9
617,max-lic-mob-reduzida,0,0,0,0,0,0,0,0,0,0,0,0
1713,lic-geral,23,23,23,22,22,22,22,22,22,22,22,22
1713,lic-mob-reduzida,0,0,0,0,0,0,0,0,0,0,0,0
1713,max-lic-geral,35,35,35,35,35,35,35,35,35,35,35,35
1713,max-lic-mob-reduzida,0,0,0,0,0,0,0,0,0,0,0,0
1714,lic-geral,68,68,68,68,68,68,68,68,68,68,68,68
1714,lic-mob-reduzida,0,0,0,0,0,0,0,0,0,0,0,0
1714,max-lic-geral,75,75,75,75,75,70,70,70,70,70,70,70
1714,max-lic-mob-reduzida,0,0,0,0,0,0,0,0,0,0,0,0
816,lic-geral,31,31,31,31,31,31,31,31,31,31,31,31
816,lic-mob-reduzida,0,0,0,0,0,0,0,0,0,0,0,0
816,max-lic-geral,31,31,31,31,31,31,31,31,31,31,31,31
816,max-lic-mob-reduzida,0,0,0,0,0,0,0,0,0,0,0,0
511,lic-geral,10,10,10,10,10,10,10,10,10,10,10,10
511,lic-mob-reduzida,0,0,0,0,0,0,0,0,0,0,0,0
511,max-lic-geral,12,12,12,12,12,12,12,12,12,12,12,12
511,max-lic-mob-reduzida,0,0,0,0,0,0,0,0,0,0,0,0
313,lic-geral,54,54,54,54,54,54,54,54,54,54,54,54
313,lic-mob-reduzida,0,0,0,0,0,0,0,0,0,0,0,0
313,max-lic-geral,54,54,54,54,54,54,54,54,54,54,54,54
313,max-lic-mob-reduzida,0,0,0,0,0,0,0,0,0,0,0,0
714,lic-geral,10,10,10,10,10,10,10,10,10,10,10,10
714,lic-mob-reduzida,0,0,0,0,0,0,0,0,0,0,0,0
714,max-lic-geral,10,10,10,10,10,10,10,10,10,10,10,10
714,max-lic-mob-reduzida,0,0,0,0,0,0,0,0,0,0,0,0
411,lic-geral,15,15,15,15,15,15,15,15,15,15,15,15
411,lic-mob-reduzida,0,0,0,0,0,0,0,0,0,0,0,0
411,max-lic-geral,15,15,15,15,15,15,15,15,15,15,15,15
411,max-lic-mob-reduzida,0,0,0,0,0,0,0,0,0,0,0,0
412,lic-geral,29,29,29,29,29,29,29,29,29,29,29,29
412,lic-mob-reduzida,0,0,0,0,0,0,0,0,0,0,0,0
412,max-lic-geral,29,29,29,29,29,29,29,29,29,29,29,29
412,max-lic-mob-reduzida,0,0,0,0,0,0,0,0,0,0,0,0
1823,lic-geral,72,72,72,72,72,72,72,72,72,72,72,72
1823,lic-mob-reduzida,0,0,0,0,0,0,0,0,0,0,0,0
1823,max-lic-geral,72,72,72,72,72,72,72,72,72,72,72,72
1823,max-lic-mob-reduzida,0,0,0,0,0,0,0,0,0,0,0,0
314,lic-geral,17,17,17,17,17,17,17,17,17,17,17,17
314,lic-mob-reduzida,0,0,0,0,0,0,0,0,0,0,0,0
314,max-lic-geral,20,20,20,20,20,20,20,20,20,20,20,20
314,max-lic-mob-reduzida,0,0,0,0,0,0,0,0,0,0,0,0
1824,lic-geral,23,23,23,23,23,23,23,23,23,23,23,23
1824,lic-mob-reduzida,0,0,0,0,0,0,0,0,0,0,0,0
1824,max-lic-geral,23,23,23,23,23,23,23,23,23,23,23,23
1824,max-lic-mob-reduzida,0,0,0,0,0,0,0,0,0,0,0,0